大專畢業生主要工作有薪資所得者之平均月薪及可工作人口之已投入職場比率-按學門(博士) 105/7/21更正 ,,,,,,,,,,,,,,,,,,,,,,,,,
學門,,平均薪資                   投入職場比率%, 99學年度畢業生102年薪資及已投入職場比率 ,, 99學年度畢業生103年薪資及已投入職場比率 ,, 100學年度畢業生103年薪資及已投入職場比率 ,,,,,,,,,,,,,,,,,,
,,, 博士 ,, 博士 ,, 博士 ,,,,,,,,,,,,,,,,,,
,,, 未滿35歲 , 35歲以上 , 未滿35歲 , 35歲以上 , 未滿35歲 , 35歲以上 ,,,,,,,,,,,,,,,,,
14, 教育學門 , 平均月薪 ,"74,639","94,095","78,191","96,410","67,604","94,261",,,,,,,,,,,,,,,,,
,, 已投入職場比率% ,97.14%,94.81%,97.14%,93.87%,100.00%,93.53%,,,,,,,,,,,,,,,,,
21, 藝術學門 , 平均月薪 ,"77,731","80,128","78,044","82,705",,"76,176",,,,,,,,,,,,,,,,,
21,, 已投入職場比率% ,100.00%,88.89%,100.00%,88.89%,,89.47%,,,,,,,,,,,,,,,,,
22, 人文學門 , 平均月薪 ,"69,552","86,547","70,010","88,667","69,199","80,879",,,,,,,,,,,,,,,,,
22,, 已投入職場比率% ,89.58%,94.41%,89.58%,93.30%,90.48%,88.69%,,,,,,,,,,,,,,,,,
23, 設計學門 , 平均月薪 ,,"92,041",,"95,599","92,075","87,392",,,,,,,,,,,,,,,,,
23,, 已投入職場比率% ,,100.00%,,100.00%,100.00%,94.44%,,,,,,,,,,,,,,,,,
31, 社會及行為科學學門 , 平均月薪 ,"78,690","83,211","78,541","84,920","69,357","88,616",,,,,,,,,,,,,,,,,
,, 已投入職場比率% ,93.94%,91.43%,100.00%,89.52%,94.44%,90.60%,,,,,,,,,,,,,,,,,
32, 傳播學門 , 平均月薪 ,,"86,039",,"82,051",,"93,519",,,,,,,,,,,,,,,,,
,, 已投入職場比率% ,,90.00%,,100.00%,,100.00%,,,,,,,,,,,,,,,,,
34, 商業及管理學門 , 平均月薪 ,"78,496","105,010","85,310","110,197","72,800","104,547",,,,,,,,,,,,,,,,,
,, 已投入職場比率% ,96.39%,95.11%,96.43%,94.22%,94.57%,93.27%,,,,,,,,,,,,,,,,,
38, 法律學門 , 平均月薪 ,,"100,951",,"97,918",,"116,808",,,,,,,,,,,,,,,,,
,, 已投入職場比率% ,,100.00%,,100.00%,,80.00%,,,,,,,,,,,,,,,,,
42, 生命科學學門 , 平均月薪 ,"64,728","103,727","69,604","111,293","64,787","89,242",,,,,,,,,,,,,,,,,
,, 已投入職場比率% ,89.08%,94.94%,91.91%,97.47%,94.20%,98.73%,,,,,,,,,,,,,,,,,
44, 自然科學學門 , 平均月薪 ,"76,288","84,258","86,991","86,713","80,723","91,188",,,,,,,,,,,,,,,,,
,, 已投入職場比率% ,94.67%,94.23%,94.59%,92.31%,96.46%,92.59%,,,,,,,,,,,,,,,,,
46, 數學及統計學門 , 平均月薪 ,"61,374","75,263","71,042","77,594","66,507","84,464",,,,,,,,,,,,,,,,,
,, 已投入職場比率% ,92.59%,100.00%,96.55%,100.00%,97.14%,89.47%,,,,,,,,,,,,,,,,,
48, 電算機學門 , 平均月薪 ,"72,022","108,801","76,993","109,025","78,280","103,692",,,,,,,,,,,,,,,,,
,, 已投入職場比率% ,93.10%,100.00%,100.00%,100.00%,95.65%,93.62%,,,,,,,,,,,,,,,,,
52, 工程學門 , 平均月薪 ,"85,210","106,500","102,263","114,455","93,886","112,213",,,,,,,,,,,,,,,,,
,, 已投入職場比率% ,96.46%,94.71%,97.62%,93.61%,97.13%,96.07%,,,,,,,,,,,,,,,,,
58, 建築及都市規劃學門 , 平均月薪 ,"60,273","98,054","56,430","93,542","75,245","72,781",,,,,,,,,,,,,,,,,
,, 已投入職場比率% ,100.00%,94.74%,100.00%,94.74%,100.00%,82.35%,,,,,,,,,,,,,,,,,
62, 農業科學學門 , 平均月薪 ,"68,463","79,806","75,725","82,947","67,177","81,774",,,,,,,,,,,,,,,,,
,, 已投入職場比率% ,100.00%,97.62%,100.00%,100.00%,91.18%,97.96%,,,,,,,,,,,,,,,,,
64, 獸醫學門 , 平均月薪 ,"65,304","89,036","71,205","95,985","81,612","105,614",,,,,,,,,,,,,,,,,
,, 已投入職場比率% ,100.00%,100.00%,100.00%,100.00%,100.00%,93.75%,,,,,,,,,,,,,,,,,
72, 醫藥衛生學門 , 平均月薪 ,"70,617","179,502","71,197","198,020","67,780","217,669",,,,,,,,,,,,,,,,,
,, 已投入職場比率% ,91.45%,96.77%,92.56%,96.37%,93.80%,96.02%,,,,,,,,,,,,,,,,,
76, 社會服務學門 , 平均月薪 ,,"99,282",,"92,883",,"85,100",,,,,,,,,,,,,,,,,
,, 已投入職場比率% ,,85.71%,,85.71%,,91.67%,,,,,,,,,,,,,,,,,
81, 民生學門 , 平均月薪 ,,"107,870",,"116,993","83,953","120,406",,,,,,,,,,,,,,,,,
,, 已投入職場比率% ,,100.00%,,100.00%,100.00%,100.00%,,,,,,,,,,,,,,,,,
84, 運輸服務學門 , 平均月薪 ,"65,003","115,914","76,360","106,777",,"95,028",,,,,,,,,,,,,,,,,
,, 已投入職場比率% ,100.00%,100.00%,100.00%,100.00%,,100.00%,,,,,,,,,,,,,,,,,
,,,,,,,,,,,,,,,,,,,,,,,,,
,,,,,,,,,,,,,,,,,,,,,,,,,
,,,,,,,,,,,,,,,,,,,,,,,,,
,,,,,,,,,,,,,,,,,,,,,,,,,
,,,,,,,,,,,,,,,,,,,,,,,,,
,,,,,,,,,,,,,,,,,,,,,,,,,
,,,,,,,,,,,,,,,,,,,,,,,,,
,,,,,,,,,,,,,,,,,,,,,,,,,
,,,,,,,,,,,,,,,,,,,,,,,,,
,,,,,,,,,,,,,,,,,,,,,,,,,
,,,,,,,,,,,,,,,,,,,,,,,,,
,,,,,,,,,,,,,,,,,,,,,,,,,
,,,,,,,,,,,,,,,,,,,,,,,,,
,,,,,,,,,,,,,,,,,,,,,,,,,
 大專畢業生主要工作有薪資所得者之平均月薪及可工作人口之已投入職場比率-按學類   105.7.21更正 ,,,,,,,,,,,,,,,,,,,,,,,,,
代碼,學門/學類,平均薪資                   投入職場比率%, 99學年度畢業生102年已投入職場比率 ,,,,,, 99學年度畢業生103年已投入職場比率 ,,,,,, 100學年度畢業生103年已投入職場比率 ,,,,,,,,,,
,,, 碩士 ,, 學士 ,, 專科 ,, 碩士 ,, 學士 ,, 專科 ,, 碩士 ,, 學士 ,, 專科 ,,,,,,
,,, 日間學制 , 在職專班 , 日間學制 , 進修學制 , 日間學制 , 進修學制 , 日間學制 , 在職專班 , 日間學制 , 進修學制 , 日間學制 , 進修學制 , 日間學制 , 在職專班 , 日間學制 , 進修學制 , 日間學制 , 進修學制 ,,,,,
1401,綜合教育學類, 平均月薪 ,"62,984","83,702","37,423",,,,"64,477","84,742","40,772",,,,"66,694","83,811","39,105",,,,,,,,
,, 已投入職場比率% ,95.18%,97.57%,84.23%,,,,95.70%,97.14%,88.10%,,,,96.54%,98.60%,84.94%,,,,,,,,
1402,普通科目教育學類, 平均月薪 ,"59,134","79,359","34,327",,,,"61,750","80,424","37,930",,,,"64,152","78,445","37,278",,,,,,,,
,, 已投入職場比率% ,93.53%,99.17%,85.49%,,,,96.07%,98.61%,90.28%,,,,92.54%,98.40%,86.58%,,,,,,,,
1403,專業科目教育學類, 平均月薪 ,"61,391","80,775","34,619","33,738",,,"64,135","83,716","39,196","37,126",,,"57,882","80,685","36,175","35,243",,,,,,,
,, 已投入職場比率% ,94.85%,98.35%,85.30%,86.89%,,,94.29%,97.53%,88.05%,86.07%,,,93.48%,98.47%,87.65%,80.65%,,,,,,,
1404,學前教育學類, 平均月薪 ,"55,313","75,621","32,645","25,384",,,"57,580","76,503","35,008","27,350",,,"50,771","75,409","31,494","27,452",,,,,,,
,, 已投入職場比率% ,91.37%,97.66%,90.98%,95.65%,,,93.53%,97.66%,92.16%,97.10%,,,92.66%,100.00%,92.73%,89.25%,,,,,,,
1405,成人教育學類, 平均月薪 ,"59,813","83,277","30,753",,,,"60,955","80,841","34,661",,,,"67,144","79,453","28,416",,,,,,,,
,, 已投入職場比率% ,96.88%,100.00%,85.71%,,,,95.31%,100.00%,91.43%,,,,96.00%,100.00%,85.00%,,,,,,,,
1406,特殊教育學類, 平均月薪 ,"66,102","76,642","44,859",,,,"67,033","77,459","48,356",,,,"71,112","75,650","45,705",,,,,,,,
,, 已投入職場比率% ,99.01%,98.79%,92.74%,,,,98.03%,98.79%,93.08%,,,,97.78%,100.00%,90.24%,,,,,,,,
1407,教育行政學類, 平均月薪 ,"66,018","87,237","31,545",,,,"69,876","88,780","34,659",,,,"69,915","88,500","33,950",,,,,,,,
,, 已投入職場比率% ,94.36%,97.46%,80.85%,,,,93.33%,96.34%,89.36%,,,,96.88%,97.16%,93.07%,,,,,,,,
1408,教育科技學類, 平均月薪 ,"58,938","78,203","28,474",,,,"63,097","80,505","31,328",,,,"52,934","84,347","29,565",,,,,,,,
,, 已投入職場比率% ,93.48%,100.00%,88.61%,,,,92.20%,100.00%,95.00%,,,,94.93%,97.32%,90.24%,,,,,,,,
1409,教育測驗評量學類, 平均月薪 ,"47,509","75,789",,,,,"49,881","78,303",,,,,"59,172","72,786",,,,,,,,,
,, 已投入職場比率% ,95.24%,97.96%,,,,,95.24%,97.96%,,,,,90.91%,100.00%,,,,,,,,,
1499,其他教育學類, 平均月薪 ,"57,360","88,935","37,638",,,,"57,600","91,449","40,648",,,,"57,022","84,526","31,201",,,,,,,,
,, 已投入職場比率% ,96.61%,98.25%,88.89%,,,,98.33%,98.25%,88.89%,,,,96.83%,100.00%,68.18%,,,,,,,,
2101,美術學類, 平均月薪 ,"43,291","66,311","29,377","41,241",,,"46,697","68,795","32,159","40,321",,,"42,788","71,641","29,187","34,942",,,,,,,
,, 已投入職場比率% ,73.53%,88.07%,75.73%,70.50%,,,77.45%,87.50%,78.83%,70.50%,,,81.11%,84.26%,78.04%,72.12%,,,,,,,
2102,雕塑藝術學類, 平均月薪 ,,,"33,485",,,,,,"26,367",,,,,,"28,519",,,,,,,,
,, 已投入職場比率% ,,,53.85%,,,,,,53.85%,,,,,,66.67%,,,,,,,,
2103,美術工藝學類, 平均月薪 ,"36,358","62,398","24,842","29,399","24,549",,"41,119","62,845","26,739","29,968","28,080",,,,"24,593","32,681","25,403",,,,,,
,, 已投入職場比率% ,81.82%,75.00%,86.59%,83.33%,69.57%,,81.82%,75.00%,87.80%,83.33%,78.26%,,,,82.18%,84.62%,66.67%,,,,,,
2104,音樂學類, 平均月薪 ,"53,083","74,454","31,875","26,387",,,"54,783","74,389","33,807","29,363",,,"50,582","70,192","33,165","28,772",,,,,,,
,, 已投入職場比率% ,78.13%,92.81%,65.71%,75.51%,,,83.18%,93.53%,68.10%,78.57%,,,79.02%,94.12%,63.71%,72.64%,,,,,,,
2105,戲劇舞蹈學類, 平均月薪 ,"47,729","65,927","30,066","38,222",,,"50,090","68,425","33,713","42,758",,,"50,516","60,312","32,518","29,988","35,533",,,,,,
,, 已投入職場比率% ,85.44%,87.50%,76.52%,71.79%,,,84.47%,87.50%,81.21%,75.00%,,,80.65%,100.00%,71.19%,86.79%,100.00%,,,,,,
2106,視覺藝術學類, 平均月薪 ,"40,805","74,883","29,914","27,930",,"30,463","41,954","72,700","29,854","28,129",,"34,349","44,743","83,027","28,300","26,538","23,476",,,,,,
,, 已投入職場比率% ,77.57%,98.08%,79.70%,70.97%,,81.82%,82.24%,94.23%,87.13%,74.19%,,91.43%,81.61%,95.31%,79.35%,70.97%,66.67%,,,,,,
2107,綜合藝術學類, 平均月薪 ,"50,547","79,278","29,871",,,,"51,134","82,031","33,517",,,,"53,843","71,259","30,796","23,226",,,,,,,
,, 已投入職場比率% ,79.80%,100.00%,78.20%,,,,81.82%,100.00%,81.52%,,,,89.47%,100.00%,77.46%,50.00%,,,,,,,
2108,民俗藝術學類, 平均月薪 ,"51,370",,"28,217",,,,"59,103",,"29,388",,,,,,"32,927",,,,,,,,
,, 已投入職場比率% ,86.67%,,58.33%,,,,93.33%,,66.67%,,,,,,78.95%,,,,,,,,
2109,應用藝術學類, 平均月薪 ,"43,385","80,499","30,450",,,,"47,090","81,851","34,320",,,,"48,340","72,546","30,802",,,,,,,,
,, 已投入職場比率% ,85.40%,96.77%,77.31%,,,,87.59%,93.55%,79.83%,,,,77.42%,95.56%,82.64%,,,,,,,,
2110,藝術行政學類, 平均月薪 ,"47,623",,"27,005",,,,"45,349",,"26,723",,,,"46,674",,"29,165",,,,,,,,
,, 已投入職場比率% ,85.29%,,70.00%,,,,91.18%,,87.50%,,,,93.55%,,87.50%,,,,,,,,
2201,台灣語文學類, 平均月薪 ,"48,052","76,456","28,427",,,,"51,359","75,557","32,989",,,,"51,411","79,368","30,220",,,,,,,,
,, 已投入職場比率% ,87.14%,93.02%,84.94%,,,,85.71%,91.86%,87.43%,,,,82.28%,96.92%,84.02%,,,,,,,,
2202,中國語文學類, 平均月薪 ,"52,560","80,014","31,029","30,970",,,"55,031","81,433","33,926","33,393",,,"55,646","78,315","32,146","29,771",,,,,,,
,, 已投入職場比率% ,87.39%,97.08%,82.68%,87.68%,,,88.89%,96.79%,85.82%,89.49%,,,84.57%,97.90%,81.59%,84.27%,,,,,,,
2203,外國語文學類, 平均月薪 ,"47,592","68,581","30,313","34,680","25,862","33,818","49,715","70,862","33,103","36,733","27,346","39,109","45,886","70,527","31,111","34,138","25,044","35,446",,,,,
,, 已投入職場比率% ,88.65%,98.57%,84.62%,85.12%,46.20%,81.97%,89.72%,97.86%,86.94%,86.51%,66.45%,85.25%,84.89%,97.28%,86.39%,84.81%,47.73%,44.64%,,,,,
2204,其他語文學類, 平均月薪 ,"49,673","82,461","35,684",,,,"49,122","85,799","39,338",,,,"44,807","77,422","35,910",,,,,,,,
,, 已投入職場比率% ,91.67%,97.92%,89.09%,,,,100.00%,96.88%,89.29%,,,,90.00%,93.94%,79.66%,,,,,,,,
2205,翻譯學類, 平均月薪 ,"47,587",,"30,426","52,506",,,"51,186",,"32,807",,,,"42,475","80,950","29,786",,,,,,,,
,, 已投入職場比率% ,81.25%,,89.35%,100.00%,,,81.25%,,91.12%,,,,93.75%,100.00%,84.52%,,,,,,,,
2207,語言學類, 平均月薪 ,"49,418","94,289","28,770",,,,"52,114","96,507","32,910",,,,"56,850",,"33,669",,,,,,,,
,, 已投入職場比率% ,94.03%,92.86%,84.78%,,,,91.18%,92.86%,86.23%,,,,85.71%,,85.51%,,,,,,,,
2208,宗教學類, 平均月薪 ,"54,214","75,269","27,366",,,,"53,273","72,419","29,052",,,,"49,640","76,745","27,946",,,,,,,,
,, 已投入職場比率% ,63.79%,86.36%,73.63%,,,,63.79%,93.18%,83.52%,,,,73.91%,95.45%,73.26%,,,,,,,,
2209,歷史學類, 平均月薪 ,"53,666","77,930","30,347","36,831",,,"54,735","80,793","33,817","38,466",,,"48,323","78,868","32,744","26,975",,,,,,,
,, 已投入職場比率% ,80.90%,99.34%,75.60%,88.04%,,,85.96%,99.34%,81.79%,86.96%,,,84.76%,98.85%,80.29%,80.88%,,,,,,,
2210,人類學學類, 平均月薪 ,"40,822",,"30,988",,,,"46,880",,"34,150",,,,"47,893",,"35,421",,,,,,,,
,, 已投入職場比率% ,95.24%,,85.96%,,,,95.24%,,87.72%,,,,87.10%,,81.58%,,,,,,,,
2211,哲學學類, 平均月薪 ,"46,822","84,432","30,394","30,334",,,"47,206","85,732","33,977","35,987",,,"55,445","86,344","35,148","31,459",,,,,,,
,, 已投入職場比率% ,78.79%,85.51%,78.80%,92.59%,,,78.79%,82.61%,82.69%,92.59%,,,84.62%,93.22%,80.71%,85.71%,,,,,,,
2212,文獻學學類, 平均月薪 ,"50,808",,,,,,"53,088",,,,,,"42,599",,,,,,,,,,
,, 已投入職場比率% ,81.25%,,,,,,87.50%,,,,,,100.00%,,,,,,,,,,
2299,其他人文學類, 平均月薪 ,"50,279","77,081","33,020","41,311",,,"55,483","78,920","35,654","34,962",,,"45,052","78,111","28,950","38,960",,,,,,,
,, 已投入職場比率% ,89.13%,95.00%,84.48%,88.89%,,,91.30%,85.00%,87.93%,83.33%,,,86.36%,96.08%,80.30%,100.00%,,,,,,,
2301,綜合設計學類, 平均月薪 ,"39,660","70,314","26,527","27,241",,,"44,854","69,651","28,801","28,453",,,"42,368","60,890","27,967","24,575",,,,,,,
,, 已投入職場比率% ,87.86%,90.48%,83.22%,84.06%,,,84.51%,87.30%,85.88%,85.58%,,,90.41%,92.86%,85.66%,83.33%,,,,,,,
2302,視覺傳達設計學類, 平均月薪 ,"33,878","59,521","26,718","28,886","27,480","23,865","38,047","59,975","29,121","30,433","26,981","26,499","35,942","57,149","27,021","29,273","23,286","29,036",,,,,
,, 已投入職場比率% ,87.74%,82.14%,86.85%,83.85%,53.33%,93.10%,87.90%,82.14%,88.18%,84.47%,63.33%,93.10%,93.57%,97.73%,86.31%,84.78%,63.33%,96.00%,,,,,
2303,產品設計學類, 平均月薪 ,"37,517","72,363","27,422","29,008","17,816",,"43,666","79,396","29,640","31,180","19,167",,"39,943","71,311","27,968","29,413","24,693",,,,,,
,, 已投入職場比率% ,93.65%,92.31%,87.79%,86.68%,58.33%,,89.74%,92.31%,90.28%,85.33%,83.33%,,89.96%,92.08%,88.15%,86.76%,66.67%,,,,,,
2304,空間設計學類, 平均月薪 ,"31,139","56,251","25,609","27,800","21,325","27,018","32,845","53,135","28,711","28,435","24,294","35,741","32,386","57,294","26,237","27,728","21,749","35,526",,,,,
,, 已投入職場比率% ,87.76%,75.00%,90.25%,86.35%,63.64%,94.44%,91.84%,66.67%,91.98%,83.94%,90.91%,88.89%,93.62%,83.33%,92.52%,91.37%,76.92%,79.31%,,,,,
2399,其他設計學類, 平均月薪 ,"42,539","78,474","26,060","23,817",,,"45,019","77,837","28,672","26,260",,,"53,553","82,239","24,429","24,738",,,,,,,
,, 已投入職場比率% ,81.63%,98.18%,78.67%,87.50%,,,81.63%,96.36%,85.33%,68.75%,,,96.08%,93.33%,89.33%,81.82%,,,,,,,
3101,經濟學類, 平均月薪 ,"45,020","73,259","34,767","34,288",,,"50,190","78,667","39,562","35,613",,,"47,891","81,947","35,605","34,110",,,,,,,
,, 已投入職場比率% ,85.02%,93.57%,84.72%,92.00%,,,87.42%,90.07%,87.08%,92.05%,,,91.36%,97.01%,85.07%,93.39%,,,,,,,
3102,政治學類, 平均月薪 ,"44,335","86,562","35,703",,,,"46,843","89,777","39,605",,,,"48,173","87,201","36,402",,,,,,,,
,, 已投入職場比率% ,83.56%,95.97%,78.45%,,,,85.62%,93.75%,84.31%,,,,81.82%,89.00%,73.95%,,,,,,,,
3103,社會學類, 平均月薪 ,"61,633","73,218","31,375",,,,"65,024","74,249","35,802",,,,"67,037","77,226","32,953",,,,,,,,
,, 已投入職場比率% ,93.23%,98.70%,82.08%,,,,91.39%,97.44%,87.03%,,,,91.12%,98.00%,84.66%,,,,,,,,
3104,民族學類, 平均月薪 ,"36,710","82,311","33,736",,,,"35,083","83,496","31,267",,,,"35,223","87,563","34,259",,,,,,,,
,, 已投入職場比率% ,95.00%,89.19%,86.27%,,,,95.00%,89.19%,80.39%,,,,77.78%,91.30%,67.86%,,,,,,,,
3105,心理學類, 平均月薪 ,"50,558","73,721","32,759","31,822",,,"53,410","74,564","35,705","30,571",,,"51,172","77,207","32,392","32,644",,,,,,,
,, 已投入職場比率% ,93.62%,96.97%,80.90%,82.35%,,,93.33%,97.98%,83.60%,86.76%,,,94.78%,100.00%,80.54%,84.85%,,,,,,,
3106,地理學類, 平均月薪 ,"58,344","69,290","38,614",,,,"61,741","72,147","43,179",,,,"49,492","78,227","38,897",,,,,,,,
,, 已投入職場比率% ,91.67%,100.00%,80.62%,,,,88.33%,100.00%,90.77%,,,,95.71%,100.00%,83.87%,,,,,,,,
3107,區域研究學類, 平均月薪 ,"51,558","84,863","31,782",,,,"56,169","86,441","35,462",,,,"50,333","83,488","33,051",,,,,,,,
,, 已投入職場比率% ,90.69%,96.35%,81.78%,,,,87.93%,93.81%,83.77%,,,,90.77%,94.44%,81.02%,,,,,,,,
3108,公共行政學類, 平均月薪 ,"50,556","84,248","31,277","30,677",,,"53,098","85,242","34,898","34,307",,,"47,778","83,503","32,551","30,640",,,,,,,
,, 已投入職場比率% ,90.73%,95.89%,81.78%,85.40%,,,91.54%,94.75%,85.77%,88.32%,,,86.42%,95.76%,82.30%,87.34%,,,,,,,
3109,國際事務學類, 平均月薪 ,"52,203","58,762","29,818",,,,"55,304","64,554","32,991",,,,"43,522","84,410","30,236",,,,,,,,
,, 已投入職場比率% ,85.54%,78.95%,82.64%,,,,84.52%,76.92%,88.89%,,,,82.73%,94.12%,85.95%,,,,,,,,
3110,綜合社會及行為科學學類, 平均月薪 ,"54,670","79,348","33,569",,,,"59,356","80,983","36,354",,,,"50,769","81,853","34,870",,,,,,,,
,, 已投入職場比率% ,90.31%,91.93%,86.07%,,,,91.33%,91.41%,90.55%,,,,90.34%,97.80%,86.77%,,,,,,,,
3201,一般大眾傳播學類, 平均月薪 ,"41,084","62,492","28,330","28,391",,"22,193","44,264","64,309","31,263","31,102",,"24,628","39,888","79,976","29,400","28,564",,,,,,,
,, 已投入職場比率% ,89.87%,95.89%,87.87%,87.53%,,75.00%,93.42%,93.15%,89.06%,89.33%,,100.00%,94.62%,91.95%,88.84%,89.12%,,,,,,,
3202,新聞學類, 平均月薪 ,"40,529","81,601","32,970",,,,"45,884","84,847","36,626",,,,"48,637","56,093","33,212",,,,,,,,
,, 已投入職場比率% ,94.44%,100.00%,89.46%,,,,95.83%,100.00%,89.25%,,,,96.15%,100.00%,90.21%,,,,,,,,
3203,廣播電視學類, 平均月薪 ,"42,183","60,002","29,889","41,126",,,"41,632","65,136","32,626","38,813",,,"37,989","72,684","31,819","34,464",,,,,,,
,, 已投入職場比率% ,82.93%,88.89%,86.24%,84.31%,,,85.37%,88.89%,85.43%,88.24%,,,90.00%,88.89%,87.15%,92.31%,,,,,,,
3204,公共關係學類, 平均月薪 ,"39,786","63,899","31,843","23,355",,,"43,593","68,290","33,263","27,480",,,"38,626","72,779","33,211","22,651",,,,,,,
,, 已投入職場比率% ,92.86%,85.71%,87.33%,94.74%,,,92.86%,78.57%,87.33%,100.00%,,,100.00%,100.00%,89.67%,77.78%,,,,,,,
3205,博物館學類, 平均月薪 ,"41,698",,,,,,"50,976",,,,,,"45,017",,,,,,,,,,
,, 已投入職場比率% ,91.49%,,,,,,93.62%,,,,,,94.59%,,,,,,,,,,
3206,圖書資訊檔案學類, 平均月薪 ,"45,942","69,062","31,247","26,350",,,"47,532","70,944","31,870","29,288",,,"44,304","69,045","32,241","26,662",,,,,,,
,, 已投入職場比率% ,93.42%,100.00%,85.71%,88.89%,,,94.74%,100.00%,88.10%,91.67%,,,100.00%,100.00%,93.10%,97.50%,,,,,,,
3207,圖文傳播學類, 平均月薪 ,"37,823","69,912","29,788","27,387",,,"42,904","69,755","34,434","36,226",,,"38,543","52,367","34,778","34,099",,,,,,,
,, 已投入職場比率% ,82.35%,93.33%,82.47%,83.33%,,,82.35%,90.32%,86.08%,66.67%,,,95.65%,95.24%,86.67%,79.17%,,,,,,,
3208,廣告學類, 平均月薪 ,"49,555",,"32,026","33,527",,,"63,387",,"36,196","37,067",,,"39,791",,"30,202","34,322",,,,,,,
,, 已投入職場比率% ,93.75%,,89.04%,88.98%,,,87.50%,,89.47%,87.50%,,,94.44%,,89.96%,83.46%,,,,,,,
3299,其他傳播及資訊學類, 平均月薪 ,,"101,922",,,,,,"93,740",,,,,,"85,915","47,995",,,,,,,,
,, 已投入職場比率% ,,100.00%,,,,,,100.00%,,,,,,100.00%,91.67%,,,,,,,,
3401,一般商業學類, 平均月薪 ,"49,954","74,953","26,983","36,032",,,"55,698","80,111","29,906","38,362",,,"51,550","79,137","27,875","36,569",,,,,,,
,, 已投入職場比率% ,97.30%,94.87%,81.19%,87.72%,,,95.95%,96.15%,88.24%,88.16%,,,92.55%,95.29%,82.48%,90.35%,,,,,,,
3402,會計學類, 平均月薪 ,"45,472","79,675","32,899","33,585","23,763","35,634","51,767","84,151","35,913","35,978","27,437","37,257","45,863","79,468","33,294","34,862","23,827","39,398",,,,,
,, 已投入職場比率% ,94.08%,96.17%,89.96%,91.99%,45.90%,90.00%,94.09%,95.22%,91.57%,91.37%,67.48%,90.00%,93.81%,94.95%,90.83%,92.17%,49.56%,81.25%,,,,,
3403,企業管理學類, 平均月薪 ,"47,960","99,045","29,887","35,199","24,762","33,925","52,793","105,597","32,632","37,663","27,331","38,150","48,024","96,539","30,451","37,259","28,641","31,935",,,,,
,, 已投入職場比率% ,92.63%,95.46%,87.50%,90.19%,59.93%,87.82%,93.76%,94.85%,89.69%,90.06%,75.00%,90.54%,92.22%,95.83%,88.43%,88.02%,70.50%,85.91%,,,,,
3404,貿易學類, 平均月薪 ,"45,938","82,117","30,020","32,603","25,730","31,007","50,975","81,953","33,255","34,590","27,380","32,112","46,158","70,540","30,649","33,896","27,452","25,710",,,,,
,, 已投入職場比率% ,90.15%,92.63%,88.78%,91.00%,58.23%,88.24%,95.45%,91.58%,91.26%,91.00%,75.62%,89.71%,93.65%,100.00%,88.98%,89.24%,52.94%,73.33%,,,,,
3405,財務金融學類, 平均月薪 ,"49,353","88,168","32,166","36,617","22,887","34,905","57,129","93,077","35,652","38,887","26,317","38,813","47,774","88,512","32,461","34,283","25,377","50,780",,,,,
,, 已投入職場比率% ,92.34%,96.24%,86.40%,90.36%,58.70%,96.55%,94.51%,96.24%,89.92%,89.50%,78.00%,93.10%,93.82%,97.05%,88.44%,90.39%,60.71%,35.94%,,,,,
3406,風險管理學類, 平均月薪 ,"48,563","82,395","31,954","34,877",,,"55,212","90,762","35,610","38,553",,,"49,272","89,738","33,424","32,797",,,,,,,
,, 已投入職場比率% ,96.88%,97.70%,89.81%,89.41%,,,96.91%,96.55%,91.18%,87.29%,,,93.20%,96.59%,89.35%,86.17%,,,,,,,
3407,財政學類, 平均月薪 ,"48,447","79,513","31,251","36,217",,"28,595","55,208","80,768","34,319","38,829","27,372","29,013","44,760","60,516","32,274","36,368","28,401",,,,,,
,, 已投入職場比率% ,86.67%,100.00%,88.44%,90.51%,,90.00%,93.33%,100.00%,92.14%,90.51%,70.00%,90.00%,94.12%,87.50%,88.35%,90.00%,50.00%,,,,,,
3408,行銷與流通學類, 平均月薪 ,"42,853","68,149","27,545","33,541","24,773","44,156","47,283","72,554","30,316","35,853","29,241","45,005","44,997","69,586","28,555","32,989","27,706","39,532",,,,,
,, 已投入職場比率% ,93.80%,95.93%,88.53%,90.28%,100.00%,91.36%,96.15%,95.16%,90.52%,91.21%,85.71%,86.59%,94.34%,94.17%,89.61%,90.33%,90.57%,83.33%,,,,,
3409,醫管學類, 平均月薪 ,"48,199","106,679","27,648","37,439",,,"50,612","106,937","30,046","39,753",,,"52,982","97,644","29,212","38,551",,,,,,,
,, 已投入職場比率% ,96.81%,97.80%,89.48%,92.86%,,,93.23%,97.25%,92.40%,92.26%,,,93.53%,98.39%,88.44%,91.91%,,,,,,,
3499,其他商業及管理學類, 平均月薪 ,"60,023","117,472","30,508","37,254","24,435",,"64,511","122,025","33,779","39,284","23,196",,"60,184","113,980","30,676","39,189","29,713",,,,,,
,, 已投入職場比率% ,94.51%,95.32%,87.36%,91.01%,84.21%,,95.08%,93.88%,90.20%,90.50%,90.00%,,93.02%,94.10%,88.03%,90.71%,75.00%,,,,,,
3801,一般法律學類, 平均月薪 ,"74,471","95,609","35,693","45,918",,,"79,574","101,917","39,475","48,365",,,"74,074","104,846","34,554","37,981",,,,,,,
,, 已投入職場比率% ,87.35%,94.48%,64.27%,77.30%,,,88.01%,90.34%,73.68%,80.98%,,,85.97%,89.44%,63.86%,75.14%,,,,,,,
3802,專業法律學類, 平均月薪 ,"59,542","83,224","28,534","55,133",,,"67,615","87,386","31,419","56,668",,,"61,495","90,761","29,722","55,250",,,,,,,
,, 已投入職場比率% ,85.02%,95.38%,77.56%,85.51%,,,87.56%,90.77%,83.49%,88.41%,,,86.67%,91.53%,76.08%,90.00%,,,,,,,
3899,其他法律學類, 平均月薪 ,"59,388","143,269","37,723","62,863",,,"73,905","134,942","44,817","65,671",,,"32,233","107,715","38,685","67,472",,,,,,,
,, 已投入職場比率% ,66.67%,95.00%,50.00%,91.18%,,,83.33%,87.50%,66.67%,91.18%,,,88.89%,97.44%,65.85%,100.00%,,,,,,,
4201,生物學類, 平均月薪 ,"43,082","69,141","30,943",,,,"46,489","72,018","34,384",,,,"41,235","97,210","32,106",,,,,,,,
,, 已投入職場比率% ,91.07%,100.00%,72.07%,,,,90.63%,100.00%,79.70%,,,,90.67%,100.00%,65.71%,,,,,,,,
4202,生態學類, 平均月薪 ,"43,466","75,109","26,013",,,,"48,796","75,479","29,465",,,,"44,085","84,102","26,924",,,,,,,,
,, 已投入職場比率% ,92.73%,100.00%,85.48%,,,,92.73%,100.00%,85.48%,,,,97.92%,100.00%,72.37%,,,,,,,,
4203,生物科技學類, 平均月薪 ,"40,834","80,601","27,437","28,585",,,"43,392","86,944","30,728","31,039",,,"39,621","53,835","28,972","31,400",,,,,,,
,, 已投入職場比率% ,92.47%,97.96%,81.75%,92.52%,,,93.12%,97.96%,84.21%,85.98%,,,90.83%,96.36%,82.97%,87.37%,,,,,,,
4204,微生物學類, 平均月薪 ,"44,757",,"34,995",,,,"50,753",,"37,739",,,,"43,136",,"32,897",,,,,,,,
,, 已投入職場比率% ,93.67%,,75.00%,,,,95.00%,,78.13%,,,,92.21%,,78.95%,,,,,,,,
4205,生物化學學類, 平均月薪 ,"45,701",,"30,521",,,,"50,112",,"33,900",,,,"45,058",,"27,249",,,,,,,,
,, 已投入職場比率% ,89.19%,,66.07%,,,,96.28%,,76.79%,,,,87.08%,,61.54%,,,,,,,,
4206,生物訊息學類, 平均月薪 ,"47,096","97,432","27,720",,,,"50,453","114,308","31,263",,,,"44,556","82,881","30,360",,,,,,,,
,, 已投入職場比率% ,90.24%,100.00%,85.00%,,,,93.33%,100.00%,81.67%,,,,94.87%,88.89%,87.76%,,,,,,,,
4299,其他生命科學類, 平均月薪 ,"64,234","98,019","29,844",,,,"73,717","87,567","40,825",,,,"39,748","60,207","26,278",,,,,,,,
,, 已投入職場比率% ,100.00%,100.00%,76.19%,,,,100.00%,100.00%,77.27%,,,,95.45%,100.00%,72.41%,,,,,,,,
4401,化學學類, 平均月薪 ,"52,891","52,510","33,991","30,158",,,"63,253","54,688","38,295","33,707",,,"56,995","74,990","34,438","33,117",,,,,,,
,, 已投入職場比率% ,96.05%,100.00%,83.12%,76.47%,,,97.21%,100.00%,85.28%,76.47%,,,96.52%,92.59%,82.12%,89.47%,,,,,,,
4402,地球科學學類, 平均月薪 ,"41,476","74,000","32,894",,,,"45,207","73,696","36,935",,,,"43,830","81,038","33,686",,,,,,,,
,, 已投入職場比率% ,94.24%,100.00%,67.92%,,,,95.80%,100.00%,77.78%,,,,96.32%,100.00%,79.10%,,,,,,,,
4403,物理學類, 平均月薪 ,"57,053","79,256","32,837",,,,"70,060","83,133","38,149",,,,"60,185","73,918","36,818",,,,,,,,
,, 已投入職場比率% ,93.62%,100.00%,76.74%,,,,95.25%,100.00%,80.06%,,,,90.85%,95.24%,75.26%,,,,,,,,
4404,大氣科學學類, 平均月薪 ,"51,146",,"31,585",,,,"52,862",,"35,750",,,,"46,277",,"31,131",,,,,,,,
,, 已投入職場比率% ,95.45%,,77.97%,,,,100.00%,,75.41%,,,,88.57%,,69.84%,,,,,,,,
4405,海洋科學學類, 平均月薪 ,"43,046","82,122","28,197",,,,"47,404","85,625","31,484",,,,"43,700","79,421","33,300",,,,,,,,
,, 已投入職場比率% ,91.20%,100.00%,75.00%,,,,89.60%,100.00%,80.70%,,,,92.55%,100.00%,87.01%,,,,,,,,
4406,天文及太空科學學類, 平均月薪 ,"50,529",,,,,,"64,661",,,,,,"48,313",,,,,,,,,,
,, 已投入職場比率% ,84.62%,,,,,,79.31%,,,,,,95.00%,,,,,,,,,,
4499,其他自然科學學類, 平均月薪 ,"60,414","83,066","32,924",,,,"63,234","82,070","35,755",,,,"57,721","82,228","31,359",,,,,,,,
,, 已投入職場比率% ,93.18%,100.00%,76.19%,,,,93.62%,100.00%,85.71%,,,,93.83%,100.00%,86.90%,,,,,,,,
4601,數學學類, 平均月薪 ,"50,771","82,542","33,096","29,143",,,"56,240","84,175","37,087","33,073",,,"50,944","81,047","33,268","29,954",,,,,,,
,, 已投入職場比率% ,87.79%,100.00%,79.82%,100.00%,,,87.25%,100.00%,86.24%,100.00%,,,90.42%,100.00%,77.35%,55.56%,,,,,,,
4602,統計學類, 平均月薪 ,"50,756","79,986","31,558","33,561",,,"58,045","82,354","35,089","37,795",,,"51,856","88,187","32,077","33,104",,,,,,,
,, 已投入職場比率% ,93.88%,100.00%,85.34%,91.36%,,,95.51%,100.00%,88.32%,90.12%,,,93.70%,98.48%,86.60%,93.85%,,,,,,,
4699,其他數學及統計學類, 平均月薪 ,"55,201","76,026","35,137",,,,"59,550","79,284","39,426",,,,"44,773","62,850","35,586",,,,,,,,
,, 已投入職場比率% ,86.96%,92.31%,84.50%,,,,86.96%,92.31%,88.29%,,,,94.74%,100.00%,87.12%,,,,,,,,
4801,電算機一般學類, 平均月薪 ,"49,647","73,590","28,803","31,270","27,048","31,137","55,204","78,142","31,957","33,599","29,448","32,263","49,852","74,566","29,212","32,764","25,594","35,197",,,,,
,, 已投入職場比率% ,95.24%,97.91%,86.64%,90.68%,67.73%,86.87%,95.84%,97.56%,89.53%,91.50%,74.55%,85.60%,95.40%,97.52%,88.44%,90.71%,61.57%,87.12%,,,,,
4802,網路學類, 平均月薪 ,"74,544",,"29,666","26,597",,,"82,835",,"31,659","27,545",,,"78,077",,"28,822","31,719",,,,,,,
,, 已投入職場比率% ,96.00%,,91.41%,88.89%,,,97.50%,,90.80%,88.89%,,,97.73%,,90.10%,92.59%,,,,,,,
4803,軟體發展學類, 平均月薪 ,"67,963",,"27,992","29,457","24,448",,"78,610",,"30,836","33,107","24,902",,"66,738",,"27,719","32,250","22,113",,,,,,
,, 已投入職場比率% ,94.87%,,84.38%,92.36%,73.68%,,95.65%,,85.66%,94.27%,75.00%,,96.67%,,85.39%,89.10%,71.88%,,,,,,
4804,系統設計學類, 平均月薪 ,"68,195",,,,,,"81,070",,,,,,"72,313",,,,,,,,,,
,, 已投入職場比率% ,96.00%,,,,,,92.86%,,,,,,96.97%,,,,,,,,,,
4805,電算機應用學類, 平均月薪 ,"52,872","73,320","26,862","26,114",,,"58,354","73,505","31,267","28,697","26,330",,"47,058","71,029","27,519","32,257","24,048","20,320",,,,,
,, 已投入職場比率% ,88.52%,100.00%,86.36%,92.11%,,,90.48%,100.00%,88.16%,92.11%,87.50%,,90.91%,95.00%,85.48%,90.16%,69.23%,90.00%,,,,,
4899,其他電算績學類, 平均月薪 ,,,,,,,,,,,,,,,,"49,875",,,,,,,
,, 已投入職場比率% ,,,,,,,,,,,,,,,,100.00%,,,,,,,
5201,電資工程學類, 平均月薪 ,"56,046","80,246","30,849","34,305","25,630","33,016","68,887","86,921","35,771","37,564","28,137","34,081","62,298","84,755","31,680","34,913","28,660","37,269",,,,,
,, 已投入職場比率% ,95.43%,97.29%,88.00%,92.40%,79.23%,86.49%,96.90%,97.40%,91.12%,93.58%,83.94%,89.30%,96.53%,98.49%,88.43%,89.63%,67.14%,89.13%,,,,,
5202,機械工程學類, 平均月薪 ,"49,611","77,363","31,686","32,517","26,761","41,208","60,403","83,510","37,129","35,704","30,302","43,255","52,645","71,059","32,010","32,955","28,949","38,042",,,,,
,, 已投入職場比率% ,95.21%,96.47%,90.08%,92.15%,78.16%,89.77%,96.92%,96.47%,92.24%,93.35%,77.12%,92.47%,95.64%,95.78%,90.41%,89.24%,77.64%,90.70%,,,,,
5203,土木工程學類, 平均月薪 ,"41,381","73,038","29,929","35,456","22,701",,"46,943","72,881","34,227","37,816","27,036",,"42,716","73,816","31,152","39,307","24,328",,,,,,
,, 已投入職場比率% ,92.62%,96.67%,88.49%,91.61%,74.19%,,94.68%,96.25%,90.82%,90.91%,71.79%,,93.69%,97.33%,88.44%,78.08%,57.14%,,,,,,
5204,化學工程學類, 平均月薪 ,"50,853","58,101","33,872","34,071","27,195","29,845","61,357","63,330","39,091","37,518","29,658","26,175","54,061","63,339","35,251","33,115","25,580",,,,,,
,, 已投入職場比率% ,95.67%,95.52%,88.94%,92.69%,62.16%,60.00%,96.40%,98.53%,90.72%,92.36%,70.45%,80.00%,95.51%,98.63%,88.42%,92.67%,41.18%,,,,,,
5205,材料工程學類, 平均月薪 ,"55,751","73,849","33,448","32,002",,,"67,793","78,757","37,878","34,716",,,"60,601","72,289","34,097","40,096",,,,,,,
,, 已投入職場比率% ,96.93%,98.44%,84.97%,89.13%,,,97.22%,98.44%,87.26%,91.30%,,,96.63%,95.71%,82.88%,93.48%,,,,,,,
5206,工業工程學類, 平均月薪 ,"49,903","75,690","30,510","37,539","25,583","32,837","59,148","80,338","34,554","40,350","29,878","33,908","56,009","86,826","30,596","37,058","31,106","33,111",,,,,
,, 已投入職場比率% ,96.17%,96.73%,88.13%,92.70%,69.49%,61.29%,96.81%,94.47%,89.32%,91.55%,78.79%,87.50%,95.83%,97.89%,88.67%,92.25%,76.92%,100.00%,,,,,
5207,紡織工程學類, 平均月薪 ,"48,330","58,568","30,534","33,629",,,"50,152","72,192","32,608","34,580",,,"42,519",,"28,419","33,215",,,,,,,
,, 已投入職場比率% ,94.12%,100.00%,91.19%,93.94%,,,97.22%,100.00%,91.75%,93.94%,,,100.00%,,87.06%,87.10%,,,,,,,
5208,測量工程學類, 平均月薪 ,"40,383",,"43,542",,,,"54,634",,"50,256",,,,"45,632",,"35,747",,,,,,,,
,, 已投入職場比率% ,100.00%,,82.35%,,,,100.00%,,94.12%,,,,100.00%,,91.67%,,,,,,,,
5209,環境工程學類, 平均月薪 ,"43,921","69,413","28,706","31,691","19,107",,"50,567","71,502","31,849","34,330","28,171",,"44,064","66,510","28,970","33,079",,,,,,,
,, 已投入職場比率% ,95.20%,98.18%,89.82%,92.34%,80.00%,,96.90%,97.58%,91.30%,93.07%,100.00%,,95.32%,98.92%,87.65%,94.39%,,,,,,,
5210,河海工程學類, 平均月薪 ,"41,420","68,683","32,305",,,,"47,264","73,278","36,911",,,,"39,669","83,890","30,866",,,,,,,,
,, 已投入職場比率% ,89.92%,97.30%,82.14%,,,,90.00%,100.00%,90.48%,,,,86.33%,93.75%,84.38%,,,,,,,,
5211,生醫工程學類, 平均月薪 ,"53,985","60,980","31,329","31,030",,,"62,322","66,358","36,263","36,011",,,"52,487","77,716","30,664","30,679",,,,,,,
,, 已投入職場比率% ,93.33%,100.00%,84.21%,100.00%,,,94.91%,100.00%,87.50%,100.00%,,,95.39%,100.00%,83.06%,100.00%,,,,,,,
5212,核子工程學類, 平均月薪 ,"64,608",,"39,159",,,,"81,191",,"59,257",,,,"65,876",,"45,676",,,,,,,,
,, 已投入職場比率% ,93.42%,,53.85%,,,,97.62%,,61.54%,,,,95.71%,,65.00%,,,,,,,,
5213,綜合工程學類, 平均月薪 ,"51,767","75,560","33,068","24,367",,,"63,800","77,541","38,341","27,028",,,"57,012","75,152","31,724","29,700",,,,,,,
,, 已投入職場比率% ,92.73%,95.52%,81.75%,88.46%,,,94.82%,97.01%,85.38%,96.15%,,,95.40%,97.01%,81.42%,82.61%,,,,,,,
5299,其他工程學類, 平均月薪 ,"51,513","88,498","30,737","38,506",,"22,638","58,973","93,475","35,687","41,557",,"24,972","47,025","89,172","35,299","37,070",,,,,,,
,, 已投入職場比率% ,93.68%,95.89%,89.01%,90.00%,,77.78%,95.00%,96.80%,91.21%,91.25%,,69.23%,95.92%,98.47%,94.70%,94.66%,,,,,,,
5801,建築學類, 平均月薪 ,"39,013","68,892","29,411","33,635","25,888","30,045","41,826","72,127","32,214","35,287","30,381","30,848","42,786","75,862","29,201","34,948","26,736","42,397",,,,,
,, 已投入職場比率% ,91.67%,94.68%,90.67%,90.07%,58.97%,94.44%,90.88%,94.68%,91.76%,91.55%,68.29%,94.44%,92.18%,90.91%,89.85%,90.30%,41.46%,86.84%,,,,,
5802,景觀設計學類, 平均月薪 ,"37,437","50,245","27,637","36,004",,,"38,443","36,309","29,953","35,848",,,"34,719","66,467","26,863","26,405",,,,,,,
,, 已投入職場比率% ,91.38%,83.33%,89.57%,85.19%,,,86.21%,75.00%,90.67%,88.89%,,,85.92%,83.33%,90.48%,95.45%,,,,,,,
5803,都巿規劃學類, 平均月薪 ,"39,576","74,490","29,532",,,,"42,231","78,178","33,859",,,,"39,384","69,438","31,038","55,210",,,,,,,
,, 已投入職場比率% ,93.38%,96.97%,85.23%,,,,97.06%,93.94%,85.66%,,,,94.87%,90.91%,83.84%,75.00%,,,,,,,
5899,其他建築及都巿規劃學類, 平均月薪 ,"52,775","89,863","32,746",,,,"51,082","92,973","40,964",,,,"53,868","88,937","29,757",,,,,,,,
,, 已投入職場比率% ,82.61%,100.00%,87.50%,,,,91.30%,100.00%,85.00%,,,,90.48%,100.00%,88.24%,,,,,,,,
6201,一般農業學類, 平均月薪 ,"40,208","64,840","29,104","25,346",,,"43,260","69,250","32,840","29,955",,,"41,565","64,375","30,190","26,786",,,,,,,
,, 已投入職場比率% ,90.28%,100.00%,80.72%,86.15%,,,93.24%,100.00%,86.83%,84.62%,,,87.65%,90.32%,80.37%,79.10%,,,,,,,
6202,畜牧學類, 平均月薪 ,"39,677","62,438","27,851","29,777",,,"44,302","60,439","30,457","34,396",,,"42,664","62,542","30,968","30,733",,,,,,,
,, 已投入職場比率% ,93.83%,85.71%,79.24%,77.78%,,,92.59%,85.71%,83.97%,77.78%,,,90.91%,100.00%,78.83%,64.00%,,,,,,,
6203,園藝學類, 平均月薪 ,"37,031",,"28,779","24,358","23,796","52,055","41,686",,"32,603","28,494","25,166","47,830","35,701",,"27,849","25,190","25,640","34,293",,,,,
,, 已投入職場比率% ,81.13%,,78.38%,89.47%,66.67%,80.77%,87.74%,,77.48%,95.00%,70.59%,84.62%,92.73%,,84.38%,82.14%,62.86%,73.68%,,,,,
6204,植物保護學類, 平均月薪 ,"38,471",,"29,129",,,,"40,627",,"31,821",,,,"38,836",,"27,431",,,,,,,,
,, 已投入職場比率% ,100.00%,,88.89%,,,,95.00%,,91.11%,,,,97.56%,,87.23%,,,,,,,,
6205,農業經濟及推廣學類, 平均月薪 ,"41,340","85,559","34,812","30,177",,,"46,257","82,302","37,688","33,453",,,"42,410","71,878","33,355","25,020",,,,,,,
,, 已投入職場比率% ,92.86%,92.73%,84.62%,81.58%,,,87.50%,92.73%,85.71%,76.32%,,,94.74%,92.45%,81.08%,81.25%,,,,,,,
6206,食品科學類, 平均月薪 ,"36,591","54,332","26,469","27,629","22,993",,"41,605","52,701","29,405","30,095","25,960",,"38,367","59,638","27,171","28,467","21,367",,,,,,
,, 已投入職場比率% ,94.74%,98.21%,85.54%,86.61%,64.71%,,94.43%,98.21%,89.15%,87.80%,72.22%,,96.63%,96.83%,86.50%,84.62%,58.33%,,,,,,
6207,水土保持學類, 平均月薪 ,"36,853","64,077","28,151",,,,"43,537","67,587","32,705",,,,"36,151","57,333","27,792",,,,,,,,
,, 已投入職場比率% ,87.50%,100.00%,86.46%,,,,92.50%,94.74%,89.58%,,,,86.49%,92.59%,85.88%,,,,,,,,
6208,農業化學類, 平均月薪 ,"40,447",,"30,284",,,,"46,313",,"34,922",,,,"39,181",,"33,191",,,,,,,,
,, 已投入職場比率% ,87.80%,,68.57%,,,,90.48%,,80.00%,,,,90.48%,,57.89%,,,,,,,,
6209,農業技術學類, 平均月薪 ,"41,586",,"38,838",,,,"46,437",,"36,171",,,,"35,512",,"22,970",,,,,,,,
,, 已投入職場比率% ,100.00%,,100.00%,,,,100.00%,,92.86%,,,,84.21%,,62.50%,,,,,,,,
6210,林業學類, 平均月薪 ,"39,359","72,203","29,608","25,515",,,"43,508","72,059","32,653","26,109",,,"39,460","67,128","30,452","22,807",,,,,,,
,, 已投入職場比率% ,88.64%,90.00%,77.44%,85.71%,,,90.23%,90.00%,85.34%,85.71%,,,84.75%,100.00%,84.29%,76.19%,,,,,,,
6211,漁業學類, 平均月薪 ,"34,666","68,591","26,897","27,616",,"48,975","39,802","70,894","30,412","29,629",,"44,000","39,771","78,599","28,359","28,907",,,,,,,
,, 已投入職場比率% ,91.35%,100.00%,84.78%,89.23%,,100.00%,91.43%,100.00%,87.36%,87.69%,,100.00%,94.25%,96.88%,85.71%,88.78%,,,,,,,
6299,其他農林漁牧學類, 平均月薪 ,,,,,,,,,,,,,,"56,219",,,,,,,,,
,, 已投入職場比率% ,,,,,,,,,,,,,,100.00%,,,,,,,,,
6401,獸醫學類, 平均月薪 ,"39,946","81,959","32,824",,,,"42,909",,"36,983",,,,"42,666","61,241","33,459",,,,,,,,
,, 已投入職場比率% ,93.44%,87.50%,85.48%,,,,95.97%,,87.10%,,,,92.86%,90.91%,84.52%,,,,,,,,
7201,醫學學類, 平均月薪 ,"79,242","159,505","95,360",,,,"85,393","178,906","107,377",,,,"71,731","238,179","96,546",,,,,,,,
,, 已投入職場比率% ,89.65%,100.00%,97.55%,,,,88.98%,96.15%,96.89%,,,,93.00%,100.00%,97.69%,,,,,,,,
7202,公共衛生學類, 平均月薪 ,"70,176","163,737","30,414","29,357","27,579",,"72,323","192,131","32,447","32,547","31,155",,"73,629","96,615","29,759","33,481","29,031",,,,,,
,, 已投入職場比率% ,95.12%,92.31%,85.45%,89.94%,75.00%,,93.56%,84.62%,88.13%,91.11%,80.00%,,92.99%,94.12%,82.56%,88.55%,81.48%,,,,,,
7203,藥學學類, 平均月薪 ,"53,699","67,368","47,275","26,084",,,"59,719","70,953","49,728","29,643",,,"53,560","72,985","49,218","31,052",,,,,,,
,, 已投入職場比率% ,95.26%,90.91%,85.48%,94.44%,,,96.14%,96.97%,87.93%,100.00%,,,94.90%,90.32%,86.89%,83.33%,,,,,,,
7204,復健醫學學類, 平均月薪 ,"48,546","70,358","38,140","30,264","25,992","29,497","51,697","71,898","40,854","30,580","27,687","29,816","54,095",,"38,687","28,247","25,447","40,950",,,,,
,, 已投入職場比率% ,94.12%,100.00%,86.64%,100.00%,72.67%,80.36%,94.12%,100.00%,88.83%,100.00%,80.82%,82.14%,96.80%,,87.74%,91.49%,69.48%,92.00%,,,,,
7205,營養學類, 平均月薪 ,"36,685","43,957","28,415","30,585","23,269",,"39,437","47,271","30,551","32,573","26,989",,"36,696","78,847","28,147","30,069","24,895",,,,,,
,, 已投入職場比率% ,97.35%,100.00%,85.12%,83.61%,72.50%,,95.61%,100.00%,89.40%,88.37%,79.07%,,91.53%,85.71%,85.99%,87.93%,46.15%,,,,,,
7206,護理學類, 平均月薪 ,"67,335","72,714","49,785","51,815","38,223","40,203","69,833","74,540","52,463","54,189","41,062","41,616","69,710","70,418","52,190","53,475","42,673","40,847",,,,,
,, 已投入職場比率% ,97.21%,95.29%,96.12%,97.85%,87.44%,95.96%,96.41%,96.47%,96.45%,97.80%,90.69%,95.07%,96.14%,98.98%,96.02%,97.29%,89.98%,95.87%,,,,,
7207,醫學技術及檢驗學類, 平均月薪 ,"50,520","79,176","34,624","38,454","24,355","39,777","55,016","79,953","38,523","42,481","25,793","44,254","51,524","65,391","35,602","33,988","26,390","45,864",,,,,
,, 已投入職場比率% ,95.26%,93.55%,84.23%,89.55%,69.33%,93.69%,95.87%,90.32%,87.72%,90.00%,73.89%,92.79%,91.70%,91.18%,83.92%,92.47%,67.00%,94.37%,,,,,
7208,牙醫學類, 平均月薪 ,"74,496","67,554","58,937","34,450","23,197","33,607","86,745","75,662","63,691","33,435","26,273","31,409","74,589","81,011","61,496","37,453","21,281","34,846",,,,,
,, 已投入職場比率% ,80.53%,77.78%,81.93%,100.00%,81.82%,86.67%,76.11%,77.78%,83.37%,100.00%,79.41%,80.95%,79.78%,80.00%,82.57%,100.00%,79.10%,85.37%,,,,,
7299,其他醫藥衛生學類, 平均月薪 ,"64,934",,"50,951","28,906",,,"78,565",,"46,207","29,333",,,"70,153",,"32,475",,,,,,,,
,, 已投入職場比率% ,100.00%,,100.00%,84.21%,,,93.10%,,100.00%,84.21%,,,91.67%,,87.72%,,,,,,,,
7601,身心障礙服務學類, 平均月薪 ,"62,395",,,,,,"64,927",,,,,,"56,721",,,,,,,,,,
,, 已投入職場比率% ,88.24%,,,,,,88.24%,,,,,,100.00%,,,,,,,,,,
7602,老年服務學類, 平均月薪 ,"54,971","79,161","33,161","41,400","22,060","30,313","47,360","76,049","34,902","45,728","22,351","31,565","46,272","85,794","33,114","43,003","24,976","34,299",,,,,
,, 已投入職場比率% ,72.73%,93.94%,89.71%,93.48%,42.11%,93.94%,81.82%,96.97%,91.91%,92.17%,70.00%,92.93%,90.91%,100.00%,91.71%,95.47%,73.81%,86.36%,,,,,
7603,社會工作學類, 平均月薪 ,"47,057","62,760","33,049","35,006",,,"49,602","67,490","35,184","35,673",,,"47,556","70,088","32,770","35,627",,,,,,,
,, 已投入職場比率% ,95.91%,100.00%,90.34%,93.78%,,,96.38%,100.00%,91.83%,93.55%,,,96.97%,100.00%,91.00%,93.09%,,,,,,,
7604,兒童保育學類, 平均月薪 ,"42,991","73,707","25,809","27,457","24,007","26,394","45,101","73,237","27,392","28,443","25,559","27,722","49,013","68,167","26,541","28,943","24,560","26,608",,,,,
,, 已投入職場比率% ,89.89%,100.00%,91.87%,92.11%,73.08%,91.20%,89.89%,100.00%,92.51%,92.36%,82.17%,90.95%,97.14%,100.00%,91.35%,92.89%,79.06%,94.53%,,,,,
7699,其他社會服務學類, 平均月薪 ,,,,,,"41,758",,,,,,"54,261",,,,,,"46,329",,,,,
,, 已投入職場比率% ,,,,,,80.00%,,,,,,73.33%,,,,,,93.02%,,,,,
8101,餐旅服務學類, 平均月薪 ,"40,371","62,931","28,222","28,624","26,256","28,616","42,206","65,383","30,856","30,458","28,048","31,145","42,816","63,229","29,143","28,957","25,576","30,696",,,,,
,, 已投入職場比率% ,86.27%,90.91%,87.69%,87.28%,77.30%,81.53%,92.16%,88.64%,90.17%,88.70%,82.26%,83.22%,96.10%,96.77%,88.45%,82.04%,78.35%,70.12%,,,,,
8102,觀光休閒學類, 平均月薪 ,"47,277","78,403","28,053","30,830","24,324","26,171","47,999","79,336","30,917","32,747","25,764","27,091","43,880","77,737","29,032","32,442","22,484","25,308",,,,,
,, 已投入職場比率% ,87.60%,96.99%,87.39%,88.42%,82.76%,86.21%,89.24%,95.18%,88.32%,88.42%,80.51%,88.52%,91.40%,94.12%,88.18%,88.04%,78.17%,87.50%,,,,,
8103,競技運動學類, 平均月薪 ,"61,003","74,140","39,999","32,732",,,"63,023","75,629","45,835","29,296",,,"65,291","78,753","37,390","28,204",,,,,,,
,, 已投入職場比率% ,96.30%,100.00%,85.00%,81.82%,,,96.30%,100.00%,86.95%,81.82%,,,95.79%,100.00%,86.74%,80.00%,,,,,,,
8104,運動科技學類, 平均月薪 ,"63,764","106,280","27,965",,,,"64,568","110,998","29,211",,,,"48,511","55,852","28,255",,,,,,,,
,, 已投入職場比率% ,98.21%,100.00%,80.00%,,,,98.21%,100.00%,84.44%,,,,89.83%,100.00%,93.75%,,,,,,,,
8105,運動休閒及休閒管理學類, 平均月薪 ,"48,668","78,039","28,468","30,299","26,615","31,034","50,699","81,176","30,836","32,556","28,921","30,244","50,942","77,795","29,458","32,527","22,194","28,711",,,,,
,, 已投入職場比率% ,93.38%,95.50%,87.35%,87.68%,86.57%,86.57%,93.01%,95.05%,88.92%,88.50%,88.57%,88.06%,91.99%,97.18%,87.71%,83.84%,80.95%,87.80%,,,,,
8106,生活應用科學學類, 平均月薪 ,"50,265","72,992","26,738","22,671","20,128",,"46,295","76,081","29,766","24,931","25,143",,"40,371","79,667","28,232","22,610","25,620",,,,,,
,, 已投入職場比率% ,91.30%,90.48%,89.22%,90.91%,56.25%,,86.96%,90.48%,92.16%,83.64%,56.25%,,89.66%,95.35%,81.25%,75.86%,66.67%,,,,,,
8107,服飾學類, 平均月薪 ,"40,639","71,183","29,504","28,296","22,084",,"46,975","73,278","31,709","31,710","31,680",,"42,519","65,060","30,793","28,992","18,445",,,,,,
,, 已投入職場比率% ,78.95%,100.00%,83.14%,78.91%,54.55%,,78.95%,100.00%,85.80%,82.03%,77.27%,,72.22%,80.00%,87.12%,83.92%,75.00%,,,,,,
8108,美容學類, 平均月薪 ,"34,901","29,382","28,710","27,956","25,589","29,395","36,773","26,772","30,625","29,854","26,516","31,429","34,498","42,747","29,181","29,115","24,314","28,105",,,,,
,, 已投入職場比率% ,85.71%,100.00%,87.89%,84.38%,73.28%,80.69%,85.71%,100.00%,89.01%,85.67%,78.41%,79.81%,96.30%,91.67%,87.00%,85.64%,72.20%,81.54%,,,,,
8199,其他民生學類, 平均月薪 ,"46,414","58,254","31,530","32,103",,,"49,789","56,579","33,910","36,234",,,"41,129","77,287","29,236","44,213",,,,,,,
,, 已投入職場比率% ,85.71%,100.00%,92.22%,86.36%,,,80.95%,100.00%,90.00%,86.36%,,,83.33%,100.00%,85.06%,91.67%,,,,,,,
8401,運輸管理學類, 平均月薪 ,"45,016","80,371","32,975","33,924",,,"50,381","90,435","36,520","36,261",,,"49,711","88,764","35,007","35,554",,,,,,,
,, 已投入職場比率% ,96.41%,94.29%,87.89%,88.28%,,,95.96%,95.71%,90.31%,90.34%,,,93.17%,96.43%,87.56%,92.00%,,,,,,,
8402,航空學類, 平均月薪 ,"43,507","81,789","30,564","30,442",,,"49,295","106,905","32,886","35,800",,,"45,720","44,299","31,714","29,978",,,,,,,
,, 已投入職場比率% ,94.44%,85.71%,90.74%,85.54%,,,94.44%,85.71%,90.77%,86.75%,,,95.00%,77.78%,89.25%,89.36%,,,,,,,
8403,航海學類, 平均月薪 ,"49,579","85,611","49,321",,"24,196","56,674","49,889","83,235","61,114",,"43,281","66,102","50,848","77,357","50,928",,"32,660","54,914",,,,,
,, 已投入職場比率% ,84.21%,77.78%,88.80%,,73.68%,83.33%,94.74%,83.33%,90.40%,,78.95%,77.78%,90.00%,100.00%,88.81%,,81.82%,75.00%,,,,,
8501,環境資源學類, 平均月薪 ,"49,259","81,996","27,582","40,252",,,"53,775","86,112","29,708","41,640",,,"60,282","74,002","27,816","30,219",,,,,,,
,, 已投入職場比率% ,94.94%,91.89%,90.59%,88.71%,,,88.89%,91.89%,92.19%,85.94%,,,98.29%,100.00%,88.13%,89.80%,,,,,,,
8502,環境防災學類, 平均月薪 ,"43,111","59,331","26,988",,,,"49,284","67,567","30,532",,,,"38,242","74,649","31,147",,,,,,,,
,, 已投入職場比率% ,90.00%,95.24%,89.47%,,,,88.57%,95.24%,89.47%,,,,96.00%,100.00%,93.62%,,,,,,,,
8599,其他環境保護學類, 平均月薪 ,"39,917","61,156",,,,,"40,883","66,897",,,,,"35,677","67,809",,,,,,,,,
,, 已投入職場比率% ,86.36%,91.30%,,,,,95.45%,91.30%,,,,,85.71%,96.88%,,,,,,,,,
8601,警政學類, 平均月薪 ,,"50,196","25,693",,,,,"50,195","30,224",,,,,"81,056","24,444",,,,,,,,
,, 已投入職場比率% ,,80.00%,83.70%,,,,,80.00%,82.61%,,,,,90.00%,82.35%,,,,,,,,
9901,其他不能歸類之各學類, 平均月薪 ,"74,148","62,793","38,232",,,,"77,322","63,023","45,150",,,,"88,234","83,027",,,,,,,,,
,, 已投入職場比率% ,94.74%,100.00%,85.71%,,,,84.21%,100.00%,100.00%,,,,93.75%,100.00%,,,,,,,,,
,,,,,,,,,,,,,,,,,,,,,,,,,
,,,,,,,,,,,,,,,,,,,,,,,,,
,,,,,,,,,,,,,,,,,,,,,,,,,
,,,,,,,,,,,,,,,,,,,,,,,,,
,,,,,,,,,,,,,,,,,,,,,,,,,
,,,,,,,,,,,,,,,,,,,,,,,,,
,,,,,,,,,,,,,,,,,,,,,,,,,
,,,,,,,,,,,,,,,,,,,,,,,,,
,,,,,,,,,,,,,,,,,,,,,,,,,
,,,,,,,,,,,,,,,,,,,,,,,,,
,,,,,,,,,,,,,,,,,,,,,,,,,
,,,,,,,,,,,,,,,,,,,,,,,,,
,,,,,,,,,,,,,,,,,,,,,,,,,
,,,,,,,,,,,,,,,,,,,,,,,,,
,,,,,,,,,,,,,,,,,,,,,,,,,
,,,,,,,,,,,,,,,,,,,,,,,,,
,,,,,,,,,,,,,,,,,,,,,,,,,
,,,,,,,,,,,,,,,,,,,,,,,,,
,,,,,,,,,,,,,,,,,,,,,,,,,
,,,,,,,,,,,,,,,,,,,,,,,,,
,大專畢業生可工作人口中之已投入職場比率-按學校  105.7.21更正,,,,,,,,,,,,,,,,,,,,,,,,
代碼,學校名稱, 99學年度畢業生102年已投入職場比率 ,,,,,,,, 99學年度畢業生103年已投入職場比率 ,,,,,,,, 100學年度畢業生103年已投入職場比率 ,,,,,,,
,, 博士 ,, 碩士 ,, 學士 ,, 專科 ,, 博士 ,, 碩士 ,, 學士 ,, 專科 ,, 博士 ,, 碩士 ,, 學士 ,, 專科 ,
,, 未滿35歲 , 35歲以上 , 日間學制 , 在職專班 , 日間學制 , 進修學制 , 日間學制 , 進修學制 , 未滿35歲 , 35歲以上 , 日間學制 , 在職專班 , 日間學制 , 進修學制 , 日間學制 , 進修學制 , 未滿35歲 , 35歲以上 , 日間學制 , 在職專班 , 日間學制 , 進修學制 , 日間學制 , 進修學制 
1,國立政治大學,92.00%,96.36%,93.87%,94.74%,80.81%,,,,96.00%,96.36%,94.27%,92.60%,85.80%,,,,92.59%,90.00%,92.51%,97.29%,82.99%,,,
2,國立清華大學,96.13%,96.20%,95.31%,94.05%,78.46%,,,,95.88%,94.94%,95.57%,94.05%,82.98%,,,,96.41%,95.83%,94.64%,93.07%,76.26%,,,
3,國立臺灣大學,93.92%,95.20%,91.95%,94.62%,77.65%,87.85%,,,97.01%,94.40%,92.79%,90.32%,80.17%,89.72%,,,95.66%,95.45%,92.97%,94.05%,75.92%,76.19%,,
4,國立臺灣師範大學,93.75%,93.58%,92.93%,95.89%,80.38%,,,,94.00%,92.66%,93.15%,95.54%,83.00%,,,,92.59%,99.10%,93.55%,96.27%,81.44%,,,
5,國立成功大學,97.09%,95.77%,94.34%,95.63%,81.24%,,,,97.80%,95.07%,95.76%,96.22%,84.30%,,,,97.63%,95.12%,95.19%,97.39%,79.55%,,,
6,國立中興大學,95.77%,94.67%,92.41%,97.14%,80.53%,83.92%,,,96.63%,96.00%,94.08%,96.90%,83.69%,84.62%,,,93.67%,94.74%,92.01%,95.44%,78.69%,82.30%,,
7,國立交通大學,97.73%,98.08%,95.36%,97.31%,80.71%,,,,98.27%,98.08%,95.85%,96.74%,80.71%,,,,98.43%,95.18%,95.17%,96.80%,76.81%,,,
8,國立中央大學,97.01%,97.10%,93.88%,97.03%,85.47%,,,,98.96%,95.65%,95.49%,96.58%,87.82%,,,,98.95%,95.08%,93.88%,96.69%,81.77%,,,
9,國立中山大學,86.27%,91.80%,94.36%,95.95%,80.32%,,,,91.38%,88.52%,94.17%,96.36%,85.29%,,,,95.24%,94.59%,95.13%,95.02%,77.94%,,,
12,國立臺灣海洋大學,93.33%,90.00%,93.86%,96.50%,84.64%,88.33%,,,94.44%,95.00%,94.59%,97.01%,89.01%,89.17%,,,100.00%,96.15%,94.19%,97.70%,84.14%,89.52%,,
13,國立中正大學,94.87%,95.89%,93.05%,96.08%,78.07%,,,,95.83%,94.52%,95.36%,95.10%,84.52%,,,,92.86%,93.48%,93.36%,94.64%,78.83%,,,
14,國立高雄師範大學,100.00%,100.00%,92.53%,,83.07%,,,,100.00%,98.33%,93.50%,,86.37%,,,,100.00%,93.44%,90.93%,,81.39%,,,
15,國立彰化師範大學,,95.12%,92.37%,97.69%,86.72%,,,,,90.24%,93.01%,97.69%,91.75%,,,,100.00%,100.00%,92.97%,98.80%,85.76%,,,
16,國立陽明大學,89.80%,96.67%,93.04%,100.00%,84.26%,,,,90.91%,100.00%,93.07%,100.00%,85.53%,,,,97.01%,94.64%,91.16%,97.22%,87.11%,,,
17,國立臺北大學,,100.00%,90.33%,96.65%,81.98%,86.98%,,,,100.00%,92.87%,96.65%,86.90%,88.60%,,,100.00%,90.91%,90.67%,98.72%,83.95%,88.48%,,
18,國立嘉義大學,100.00%,91.67%,93.35%,96.46%,82.42%,87.19%,,,100.00%,91.67%,93.62%,97.24%,87.86%,87.26%,,,,83.33%,91.11%,96.91%,81.50%,81.98%,,
19,國立高雄大學,,,87.11%,90.68%,75.44%,89.53%,,,,,90.05%,88.98%,81.48%,90.70%,,,,,88.17%,94.07%,79.57%,96.83%,,
20,國立東華大學,87.50%,93.33%,93.27%,97.18%,83.00%,100.00%,,,81.82%,93.33%,93.53%,97.18%,86.03%,85.71%,,,100.00%,100.00%,94.41%,96.18%,83.40%,,,
21,國立暨南國際大學,87.50%,100.00%,94.78%,95.95%,84.52%,100.00%,,,100.00%,100.00%,94.74%,94.59%,85.78%,100.00%,,,100.00%,84.62%,92.51%,97.09%,88.33%,,,
22,國立臺灣科技大學,94.44%,93.75%,95.43%,97.08%,87.94%,90.32%,,,95.45%,95.38%,96.43%,96.72%,91.68%,93.55%,,,96.30%,97.26%,96.78%,96.60%,88.08%,88.68%,,
23,國立雲林科技大學,100.00%,95.12%,94.14%,98.14%,88.99%,,,,92.31%,92.68%,94.45%,97.52%,92.08%,,,,92.86%,85.71%,96.19%,97.77%,90.37%,,,
24,國立屏東科技大學,100.00%,100.00%,94.77%,95.48%,87.85%,92.47%,,,100.00%,100.00%,95.97%,95.02%,91.27%,90.68%,,,100.00%,100.00%,92.32%,94.91%,90.80%,86.83%,,
25,國立臺北科技大學,90.00%,100.00%,94.57%,97.24%,87.43%,91.44%,,,95.83%,92.86%,96.49%,97.24%,90.87%,91.18%,,,96.15%,93.33%,96.48%,95.24%,89.99%,94.06%,,
26,國立高雄第一科技大學,100.00%,94.12%,92.36%,98.08%,87.21%,,,,100.00%,94.12%,94.38%,96.55%,92.92%,,,,100.00%,93.75%,94.62%,96.39%,90.91%,,,
27,國立高雄應用科技大學,,100.00%,93.38%,95.54%,88.91%,,,,,100.00%,95.80%,94.18%,91.82%,,,,100.00%,83.33%,95.10%,96.98%,92.31%,91.27%,,
28,國立臺北藝術大學,,100.00%,76.57%,92.86%,60.78%,,,,,80.00%,84.57%,92.86%,64.08%,,,,,,76.26%,93.94%,58.46%,,,
29,國立臺灣藝術大學,,,80.49%,86.08%,76.72%,77.13%,,,,,81.71%,86.08%,80.00%,79.33%,,,,,83.97%,92.00%,75.71%,80.00%,,
30,國立臺東大學,,,92.31%,97.29%,83.54%,86.36%,,,,,90.00%,96.25%,88.80%,90.91%,,,,,94.81%,96.73%,84.14%,70.59%,,
31,國立宜蘭大學,,,92.39%,,83.78%,90.91%,,,,,94.30%,,88.12%,95.87%,,,,,93.51%,100.00%,86.89%,93.18%,,
32,國立聯合大學,,,92.06%,,90.70%,,,,,,94.78%,,92.41%,,,,,,95.33%,,89.09%,,,
33,國立虎尾科技大學,100.00%,,97.10%,,90.38%,,,,100.00%,,97.32%,,92.73%,,,,100.00%,,96.03%,,91.33%,,,
34,國立高雄海洋科技大學,,,92.38%,95.74%,87.07%,89.11%,65.00%,,,,97.22%,95.74%,90.67%,90.56%,70.00%,,,,94.23%,97.83%,89.81%,89.43%,89.47%,
35,國立臺南藝術大學,,,75.00%,,71.43%,61.54%,,,,,81.56%,,75.51%,76.92%,,,,,78.91%,100.00%,80.61%,70.59%,,
36,國立臺南大學,,100.00%,94.98%,99.04%,78.34%,83.33%,,,,100.00%,94.52%,99.05%,83.53%,85.56%,,,,100.00%,94.53%,98.76%,81.62%,82.42%,,
37,國立臺北教育大學,,100.00%,95.72%,96.23%,86.13%,,,,,100.00%,95.12%,94.34%,87.35%,,,,,91.67%,94.31%,97.95%,85.37%,,,
38,國立新竹教育大學,,100.00%,92.50%,100.00%,85.91%,,,,,100.00%,92.22%,99.35%,90.06%,,,,,75.00%,94.76%,,83.25%,,,
39,國立臺中教育大學,100.00%,80.00%,93.00%,98.32%,86.01%,,,,100.00%,80.00%,95.12%,98.32%,87.95%,,,,,100.00%,94.36%,97.47%,84.80%,,,
40,國立屏東教育大學,,85.71%,92.99%,99.18%,85.47%,,,,,85.71%,95.83%,98.77%,88.49%,,,,,76.92%,90.70%,98.28%,84.68%,,,
42,國立澎湖科技大學,,,80.00%,100.00%,87.24%,96.55%,,100.00%,,,83.33%,100.00%,91.08%,93.10%,,100.00%,,,88.00%,100.00%,86.59%,91.80%,,
43,國立勤益科技大學,,,95.14%,91.07%,91.20%,92.65%,100.00%,82.26%,,,96.57%,91.07%,91.94%,92.32%,93.33%,90.14%,,,95.42%,98.25%,91.74%,93.11%,70.00%,86.96%
44,國立體育大學,100.00%,100.00%,97.74%,,88.31%,79.17%,,,,100.00%,96.24%,,91.77%,79.17%,,,100.00%,87.50%,92.73%,,84.65%,92.86%,,
46,國立臺北護理健康大學,,100.00%,97.54%,94.12%,95.25%,97.03%,,,,100.00%,95.08%,97.06%,95.41%,95.54%,,,,83.33%,94.83%,100.00%,95.17%,95.88%,,
47,國立高雄餐旅大學,,,85.11%,88.00%,89.09%,82.32%,95.24%,88.04%,,,85.11%,84.00%,88.54%,84.85%,95.24%,87.13%,,,92.86%,89.66%,89.02%,87.50%,61.90%,
48,國立金門大學,,,96.15%,,86.28%,88.79%,,,,,92.31%,,90.65%,84.48%,,,,,92.59%,,85.71%,91.84%,,
49,國立臺灣體育運動大學,,,94.64%,100.00%,82.46%,90.91%,,,,,98.21%,100.00%,84.11%,86.36%,,,,,94.83%,90.63%,88.22%,79.37%,,
50,國立臺中科技大學,,,88.41%,97.06%,88.99%,89.34%,55.38%,87.58%,,,94.37%,94.12%,91.49%,89.36%,69.73%,83.95%,,,90.52%,100.00%,88.02%,90.37%,32.28%,72.88%
136,國立屏東商業技術學院,,,90.91%,100.00%,89.45%,92.26%,,,,,90.91%,100.00%,92.18%,85.12%,,,,,91.75%,100.00%,90.12%,82.74%,,
142,國立臺北商業技術學院,,,94.87%,90.91%,91.74%,92.73%,49.11%,87.20%,,,92.31%,90.91%,91.74%,91.86%,69.91%,87.20%,,,90.00%,100.00%,90.56%,92.91%,46.15%,73.17%
144,國立臺灣戲曲學院,,,,,71.23%,,,,,,,,79.45%,,,,,,,,77.03%,,100.00%,
221,國立臺南護理專科學校,,,,,,,74.19%,74.19%,,,,,,,83.87%,83.87%,,,,,,,76.92%,80.65%
222,國立臺東專科學校,,,,,,,72.12%,85.00%,,,,,,,76.15%,87.00%,,,,,,,58.33%,81.54%
1001,東海大學,100.00%,100.00%,91.99%,94.32%,81.58%,82.20%,,,100.00%,100.00%,91.92%,90.91%,85.28%,79.17%,,,100.00%,89.47%,91.75%,90.91%,81.40%,77.08%,,
1002,輔仁大學,100.00%,88.89%,89.20%,95.38%,83.49%,89.87%,,,100.00%,88.89%,91.06%,95.92%,87.10%,89.98%,,,83.33%,86.21%,94.16%,95.31%,84.59%,89.29%,,
1003,東吳大學,,100.00%,89.32%,94.41%,83.59%,86.70%,,,,75.00%,90.43%,91.62%,86.68%,85.84%,,,,83.33%,91.39%,95.88%,82.87%,86.40%,,
1004,中原大學,95.83%,90.48%,92.71%,95.11%,86.54%,89.47%,,,93.55%,90.48%,95.32%,94.83%,88.62%,78.95%,,,94.12%,91.67%,94.90%,93.46%,88.52%,100.00%,,
1005,淡江大學,94.74%,95.12%,91.87%,96.13%,86.35%,87.60%,,,95.00%,95.12%,93.21%,95.67%,88.75%,88.69%,,,91.43%,97.22%,92.52%,97.51%,86.48%,89.33%,,
1006,中國文化大學,100.00%,82.86%,89.46%,89.51%,82.81%,89.01%,,,100.00%,85.71%,90.39%,86.14%,86.34%,87.47%,,,83.33%,78.38%,90.13%,94.82%,84.63%,86.10%,,
1007,逢甲大學,100.00%,94.74%,92.42%,94.65%,85.80%,87.16%,,,100.00%,89.47%,95.85%,94.88%,88.59%,87.16%,,,100.00%,92.86%,95.68%,95.70%,86.89%,89.19%,,
1008,靜宜大學,,100.00%,90.49%,95.35%,86.43%,87.50%,,,,100.00%,91.63%,96.55%,87.31%,84.38%,,,100.00%,,88.53%,96.20%,86.10%,91.67%,,
1009,長庚大學,100.00%,93.33%,95.63%,96.77%,88.33%,,,,100.00%,93.33%,96.68%,95.97%,90.70%,,,,100.00%,100.00%,95.70%,96.75%,86.40%,,,
1010,元智大學,100.00%,87.50%,97.15%,,84.42%,,,,100.00%,87.50%,97.26%,,85.28%,,,,93.75%,100.00%,95.01%,,83.73%,,,
1011,中華大學,100.00%,100.00%,95.87%,96.89%,89.30%,91.41%,,,100.00%,91.67%,95.70%,95.03%,92.82%,88.28%,,,85.71%,92.86%,94.94%,99.34%,87.13%,87.90%,,
1012,大葉大學,100.00%,100.00%,88.79%,98.32%,84.61%,75.51%,,,100.00%,100.00%,90.99%,98.33%,88.60%,75.51%,,,100.00%,100.00%,92.96%,97.83%,85.93%,77.14%,,
1013,華梵大學,,,87.34%,94.62%,83.33%,,,,,,90.12%,90.23%,85.93%,,,,,83.33%,88.79%,91.89%,86.13%,,,
1014,義守大學,100.00%,90.00%,90.91%,92.31%,85.02%,88.26%,,,80.00%,90.00%,92.71%,90.21%,88.08%,90.39%,,,100.00%,75.00%,92.39%,94.97%,83.82%,87.12%,,
1015,世新大學,,85.71%,86.34%,95.21%,86.83%,,,,,100.00%,90.12%,94.56%,88.49%,,,,,85.71%,90.00%,94.13%,86.21%,,,
1016,銘傳大學,,,94.90%,95.99%,87.68%,95.80%,,,,,93.07%,94.70%,90.39%,93.28%,,,,,93.13%,98.00%,88.70%,94.55%,,
1017,實踐大學,,,88.51%,93.10%,86.71%,89.38%,,,,,89.77%,93.10%,89.08%,89.24%,,,,,88.89%,93.02%,87.16%,87.68%,,
1018,朝陽科技大學,,,92.88%,92.66%,91.13%,89.90%,,,,,95.64%,92.09%,92.21%,88.50%,,,,,95.09%,94.97%,91.79%,88.35%,,
1019,高雄醫學大學,81.82%,96.55%,91.78%,87.18%,83.96%,99.07%,,,72.73%,96.55%,92.27%,89.74%,86.70%,98.13%,,,90.91%,96.30%,95.13%,97.96%,86.19%,98.04%,,
1020,南華大學,,75.00%,85.48%,96.22%,81.72%,88.89%,,,,75.00%,85.95%,93.55%,85.67%,89.13%,,,,100.00%,87.44%,95.71%,86.62%,75.00%,,
1021,真理大學,,,83.67%,100.00%,86.69%,87.80%,,,,,83.67%,100.00%,89.25%,87.86%,,,,,89.47%,100.00%,86.39%,88.05%,,
1022,大同大學,83.33%,87.50%,93.85%,96.85%,78.76%,,,,88.89%,87.50%,96.24%,98.43%,88.79%,,,,100.00%,100.00%,94.38%,97.76%,84.29%,,,
1023,南臺科技大學,100.00%,,92.17%,96.69%,89.25%,89.86%,,,100.00%,,94.50%,96.05%,91.90%,89.79%,,,,,90.98%,93.91%,91.17%,89.78%,,
1024,崑山科技大學,,,93.42%,94.92%,89.57%,91.43%,87.50%,,,,94.30%,94.92%,90.85%,92.87%,100.00%,,,,94.01%,95.31%,90.04%,89.53%,,
1025,嘉南藥理大學,,,93.29%,95.83%,88.88%,89.03%,,,,,95.30%,95.83%,90.94%,88.85%,,,,,94.03%,96.15%,89.69%,87.61%,,
1026,樹德科技大學,,,87.27%,95.74%,88.37%,88.93%,,,,,87.61%,94.79%,90.38%,89.35%,,,,,86.11%,97.30%,87.00%,88.77%,,
1027,慈濟大學,75.00%,100.00%,93.70%,92.86%,88.65%,,,,75.00%,83.33%,95.28%,92.86%,91.62%,,,,83.33%,100.00%,91.94%,100.00%,85.52%,,,
1028,臺北醫學大學,100.00%,100.00%,95.14%,89.36%,86.07%,98.03%,,,100.00%,100.00%,95.74%,87.23%,87.34%,98.68%,,,100.00%,100.00%,91.67%,96.00%,86.42%,94.41%,,
1029,中山醫學大學,75.00%,96.88%,91.45%,100.00%,87.02%,92.35%,,,100.00%,96.88%,90.00%,100.00%,88.63%,91.84%,,,75.00%,95.45%,92.96%,96.88%,87.07%,88.89%,,
1030,龍華科技大學,,,96.00%,91.30%,88.00%,93.67%,,,,,96.70%,95.65%,91.90%,93.89%,,,,,96.43%,96.88%,92.86%,93.27%,85.71%,
1031,輔英科技大學,,,100.00%,,93.25%,95.07%,75.12%,,,,100.00%,,94.95%,96.55%,84.88%,,,,93.10%,,92.16%,95.45%,83.91%,
1032,明新科技大學,,,94.20%,100.00%,92.87%,94.12%,,93.33%,,,94.59%,100.00%,94.02%,94.13%,,93.33%,,,93.28%,96.08%,92.62%,93.24%,,100.00%
1033,長榮大學,,100.00%,90.43%,91.30%,84.57%,84.56%,,,,100.00%,89.42%,85.11%,87.73%,83.09%,,,,83.33%,90.67%,88.00%,85.18%,86.05%,,
1034,弘光科技大學,,,95.45%,100.00%,91.47%,91.65%,78.57%,,,,95.45%,100.00%,92.14%,93.21%,88.10%,,,,98.46%,92.31%,92.19%,92.33%,88.89%,
1035,中國醫藥大學,100.00%,93.75%,89.76%,100.00%,83.27%,97.47%,,,100.00%,87.50%,90.64%,100.00%,86.66%,97.47%,,,80.00%,100.00%,93.48%,96.15%,85.10%,98.77%,,
1036,健行科技大學,,,90.38%,97.14%,91.39%,92.51%,87.50%,,,,92.04%,97.14%,92.37%,93.03%,87.50%,,,,93.01%,97.62%,91.37%,92.36%,83.33%,
1037,正修科技大學,,,94.34%,77.78%,87.70%,88.22%,55.26%,87.91%,,,97.22%,72.22%,89.54%,89.64%,66.28%,90.22%,,,91.33%,94.74%,89.33%,89.52%,58.10%,85.11%
1038,萬能科技大學,,,91.89%,97.78%,89.87%,92.85%,,,,,92.11%,95.65%,91.71%,92.86%,,,,,92.59%,95.35%,88.58%,91.41%,,
1039,玄奘大學,,,87.60%,99.17%,84.57%,85.84%,,,,,87.60%,98.35%,86.39%,88.55%,,,,,86.36%,94.12%,86.17%,90.51%,,
1040,建國科技大學,,,92.63%,,87.59%,88.58%,73.68%,82.95%,,,92.86%,,89.86%,88.20%,78.95%,86.36%,,,91.55%,,89.77%,88.87%,90.00%,86.21%
1041,明志科技大學,,,94.26%,100.00%,91.99%,96.86%,75.00%,70.00%,,,97.84%,92.31%,94.59%,93.72%,100.00%,100.00%,,,94.74%,100.00%,89.51%,91.53%,,100.00%
1042,高苑科技大學,,,96.23%,96.15%,87.60%,92.55%,64.91%,,,,96.23%,90.38%,89.65%,93.73%,84.81%,,,,89.42%,94.12%,88.77%,94.04%,80.28%,
1043,大仁科技大學,,,96.77%,96.77%,88.75%,89.88%,67.92%,77.78%,,,93.55%,96.77%,90.24%,91.11%,76.11%,84.21%,,,90.00%,97.14%,86.25%,90.02%,64.04%,
1044,聖約翰科技大學,,,85.48%,100.00%,88.60%,88.59%,,,,,92.65%,95.83%,91.12%,89.39%,,,,,94.12%,100.00%,90.64%,90.42%,,
1045,嶺東科技大學,,,82.89%,93.75%,87.31%,85.06%,,,,,82.89%,91.67%,88.32%,87.15%,,,,,90.10%,85.00%,88.48%,86.01%,,
1046,中國科技大學,,,89.66%,,91.17%,92.12%,51.52%,93.55%,,,89.66%,,92.03%,89.38%,85.07%,90.32%,,,92.68%,,89.58%,91.86%,31.71%,85.71%
1047,中臺科技大學,,,92.42%,100.00%,90.41%,93.86%,74.07%,,,,86.36%,97.73%,91.65%,93.75%,70.37%,,,,93.59%,96.25%,89.72%,93.68%,79.49%,
1048,亞洲大學,,,93.14%,98.45%,84.90%,84.66%,,,,,89.94%,98.45%,87.13%,86.84%,,,,,91.53%,95.00%,85.46%,84.97%,,
1049,開南大學,,,81.73%,95.74%,87.01%,87.18%,,,,,83.96%,95.74%,89.43%,88.89%,,,,,94.34%,98.23%,89.29%,92.75%,,
1050,佛光大學,,,89.54%,90.36%,85.58%,,,,,,88.46%,86.90%,86.57%,,,,,,86.71%,93.85%,82.86%,,,
1051,台南應用科技大學,,,76.92%,86.67%,85.96%,86.74%,50.72%,,,,84.62%,88.89%,88.88%,86.28%,70.29%,,,,89.39%,89.66%,86.75%,86.82%,54.68%,87.50%
1052,遠東科技大學,,,97.30%,,88.17%,89.96%,75.00%,,,,97.44%,,90.45%,91.11%,75.00%,,,,96.72%,,89.77%,89.69%,84.62%,
1053,元培醫事科技大學,,,95.74%,100.00%,92.05%,97.13%,,,,,95.74%,100.00%,91.84%,98.00%,,,,,94.37%,100.00%,91.21%,94.85%,,
1054,景文科技大學,,,88.89%,,88.45%,88.66%,,86.02%,,,88.89%,,90.53%,89.73%,,89.36%,,,92.86%,100.00%,89.98%,91.01%,,92.31%
1055,中華醫事科技大學,,,92.31%,,90.15%,92.40%,69.80%,,,,100.00%,,92.31%,92.27%,81.94%,,,,72.97%,,89.66%,95.27%,67.88%,
1056,東南科技大學,,,96.23%,94.74%,88.81%,89.02%,100.00%,71.43%,,,92.45%,94.74%,91.99%,91.09%,100.00%,71.43%,,,83.33%,100.00%,88.19%,92.78%,85.71%,
1057,德明財經科技大學,,,91.89%,,86.18%,91.09%,66.67%,92.86%,,,89.47%,,88.71%,91.39%,86.67%,90.48%,,,92.86%,,92.98%,90.12%,,90.00%
1058,明道大學,,,86.49%,100.00%,85.01%,83.05%,,,,,85.14%,95.24%,87.09%,84.83%,,,,,93.90%,94.74%,85.65%,85.25%,,
1059,康寧大學,,,84.00%,92.78%,81.99%,89.82%,,,,,92.00%,92.86%,85.74%,92.22%,,,,,93.59%,97.83%,84.07%,83.67%,,
1060,南開科技大學,,,90.00%,91.89%,85.66%,85.71%,71.64%,77.14%,,,92.50%,94.59%,89.29%,88.89%,77.78%,76.92%,,,89.66%,96.83%,88.16%,89.22%,61.82%,88.89%
1061,中華科技大學,,,90.59%,89.19%,87.81%,93.17%,,93.75%,,,90.59%,94.74%,91.25%,90.66%,,93.75%,,,95.71%,86.05%,89.46%,91.99%,,92.31%
1062,僑光科技大學,,,96.43%,88.89%,87.44%,,52.07%,54.55%,,,96.43%,88.89%,89.42%,,70.41%,83.33%,,,81.82%,100.00%,87.05%,,52.60%,
1063,育達科技大學,,,93.10%,96.97%,88.22%,91.87%,,,,,93.10%,100.00%,89.23%,91.87%,,,,,93.48%,97.06%,89.39%,90.35%,,
1064,美和科技大學,,,90.00%,84.62%,85.96%,93.32%,86.84%,100.00%,,,90.00%,92.31%,89.67%,93.93%,89.47%,75.00%,,,88.89%,90.00%,85.65%,92.62%,86.44%,
1065,吳鳳科技大學,,,90.91%,80.00%,87.75%,87.06%,72.50%,76.84%,,,90.91%,80.00%,89.48%,88.89%,75.47%,79.59%,,,92.86%,94.44%,85.46%,88.98%,74.07%,86.59%
1066,環球科技大學,,,94.87%,,90.21%,91.05%,82.02%,88.10%,,,94.87%,,90.87%,90.86%,80.85%,84.09%,,,97.06%,,86.14%,92.69%,71.88%,82.08%
1067,台灣首府大學,,,86.49%,,87.07%,90.74%,,,,,89.47%,,89.21%,92.38%,,,,,88.89%,,85.25%,90.24%,,
1068,中州科技大學,,,86.67%,,86.54%,89.13%,,75.00%,,,86.67%,,88.64%,89.15%,,100.00%,,,100.00%,88.89%,87.90%,90.34%,,
1069,修平科技大學,,,100.00%,,88.54%,91.97%,,92.86%,,,100.00%,,89.86%,91.61%,,95.05%,,,88.89%,,86.80%,92.63%,,90.24%
1070,長庚科技大學,,,,100.00%,96.99%,97.43%,83.33%,,,,,100.00%,96.88%,96.95%,88.60%,,,,,,95.78%,98.61%,83.05%,
1071,臺北城市科技大學,,,100.00%,,88.10%,91.39%,74.11%,81.31%,,,100.00%,,89.96%,93.06%,82.09%,80.53%,,,94.74%,,89.06%,88.25%,70.14%,93.02%
1072,大華科技大學,,,100.00%,,88.33%,90.49%,58.75%,100.00%,,,90.00%,,89.25%,91.65%,70.00%,100.00%,,,100.00%,,91.16%,89.98%,67.80%,91.67%
1073,醒吾科技大學,,,76.19%,,88.87%,90.37%,58.49%,81.63%,,,76.19%,,90.97%,90.64%,78.18%,85.71%,,,88.24%,100.00%,89.97%,90.93%,70.83%,86.96%
1074,南榮科技大學,,,75.00%,100.00%,87.05%,92.37%,79.55%,89.66%,,,88.89%,100.00%,91.11%,93.64%,79.17%,89.66%,,,90.00%,100.00%,90.71%,93.22%,85.71%,88.31%
1075,文藻外語大學,,,,100.00%,85.28%,82.28%,35.25%,,,,,90.91%,86.27%,84.47%,58.94%,,,,66.67%,100.00%,86.73%,83.66%,35.44%,
1125,興國管理學院,,,,,79.35%,79.75%,,,,,,,84.07%,88.61%,,,,,,,68.60%,87.29%,,
1148,大漢技術學院,,,,,87.43%,90.65%,,,,,,,88.01%,87.96%,,,,,,,84.33%,88.32%,,63.64%
1150,慈濟技術學院,,,100.00%,,91.52%,100.00%,97.78%,,,,100.00%,,91.90%,99.17%,94.51%,,,,,,89.67%,98.15%,90.91%,
1159,和春技術學院,,,100.00%,,84.48%,,62.50%,89.47%,,,100.00%,,88.13%,,68.97%,88.31%,,,77.78%,,87.26%,90.91%,86.11%,
1164,致理技術學院,,,57.14%,100.00%,90.33%,92.70%,55.94%,91.25%,,,71.43%,,92.47%,92.90%,75.34%,93.75%,,,91.67%,100.00%,91.55%,90.77%,68.38%,77.78%
1166,亞東技術學院,,,90.70%,,90.41%,90.38%,87.50%,,,,97.83%,,92.15%,93.16%,88.24%,,,,100.00%,,90.74%,90.48%,,
1168,桃園創新技術學院,,,75.00%,,91.25%,90.77%,,,,,75.00%,,91.40%,91.28%,,,,,100.00%,,90.27%,93.60%,88.52%,
1176,稻江科技暨管理學院,,,100.00%,,80.93%,83.56%,,,,,90.91%,,83.30%,86.39%,,,,,100.00%,,82.49%,89.35%,,
1179,德霖技術學院,,,,,86.98%,88.58%,80.16%,79.45%,,,,,91.90%,90.12%,78.95%,82.43%,,,,,89.89%,7.61%,78.10%,7.27%
1182,蘭陽技術學院,,,,,88.79%,94.39%,74.53%,91.49%,,,,,88.24%,91.59%,81.31%,87.23%,,,,,88.80%,90.43%,82.61%,83.33%
1183,黎明技術學院,,,,,89.98%,89.83%,64.29%,80.56%,,,,,91.40%,92.67%,64.56%,79.17%,,,,,89.74%,89.71%,61.70%,94.29%
1184,東方設計學院,,,83.33%,,85.07%,88.62%,67.71%,,,,77.78%,,88.26%,85.37%,79.46%,75.00%,,,73.33%,,86.32%,86.72%,70.37%,
1185,經國管理暨健康學院,,,80.00%,100.00%,91.73%,91.30%,86.67%,100.00%,,,80.00%,100.00%,91.75%,91.30%,90.48%,83.33%,,,90.91%,100.00%,90.91%,95.71%,91.75%,
1187,崇右技術學院,,,,,90.25%,92.00%,75.26%,89.29%,,,,,92.78%,96.00%,86.41%,96.43%,,,,,87.14%,94.74%,76.36%,
1188,大同技術學院,,,,,86.44%,91.21%,50.00%,90.63%,,,,,89.68%,92.31%,47.62%,87.50%,,,,,87.09%,86.88%,76.19%,83.87%
1189,亞太創意技術學院,,,,,86.71%,,76.74%,,,,,,88.44%,,70.83%,,,,,,86.39%,,63.64%,
1191,華夏技術學院,,,,75.00%,87.89%,89.74%,64.21%,86.00%,,,,75.00%,89.01%,91.23%,78.00%,86.07%,,,,90.00%,83.37%,90.38%,61.82%,89.42%
1192,臺灣觀光學院,,,,,88.08%,88.89%,76.47%,,,,,,90.49%,100.00%,72.88%,,,,,,87.15%,89.19%,75.00%,
1194,台北海洋技術學院,,,,,83.90%,88.56%,79.17%,82.98%,,,,,86.71%,90.25%,72.00%,85.11%,,,,,85.53%,90.53%,68.75%,80.00%
1281,康寧醫護暨管理專科學校,,,,,,,73.87%,91.46%,,,,,,,83.19%,93.41%,,,,,,,75.44%,92.15%
1282,馬偕醫護管理專科學校,,,,,,,84.49%,93.63%,,,,,,,88.21%,92.20%,,,,,,,89.35%,91.14%
1283,仁德醫護管理專科學校,,,,,,,80.71%,89.47%,,,,,,,85.94%,88.16%,,,,,,,82.31%,94.97%
1284,樹人醫護管理專科學校,,,,,,,80.68%,89.69%,,,,,,,81.82%,87.11%,,,,,,,78.57%,91.88%
1285,慈惠醫護管理專科學校,,,,,,,76.71%,85.33%,,,,,,,83.44%,86.67%,,,,,,,79.09%,90.30%
1286,耕莘健康管理專科學校,,,,,,,88.33%,87.93%,,,,,,,92.08%,88.79%,,,,,,,89.41%,94.12%
1287,敏惠醫護管理專科學校,,,,,,,85.21%,76.47%,,,,,,,93.53%,70.59%,,,,,,,84.74%,
1288,高美醫護管理專科學校,,,,,,,85.00%,72.73%,,,,,,,86.36%,72.73%,,,,,,,,77.50%
1289,育英醫護管理專科學校,,,,,,,78.41%,,,,,,,,85.23%,,,,,,,,79.49%,
1290,崇仁醫護管理專科學校,,,,,,,84.33%,100.00%,,,,,,,90.37%,100.00%,,,,,,,90.59%,90.48%
1291,聖母醫護管理專科學校,,,,,,,87.91%,97.78%,,,,,,,84.62%,97.78%,,,,,,,86.29%,87.50%
1292,新生醫護管理專科學校,,,,,,,87.71%,,,,,,,,89.17%,,,,,,,,89.82%,
3002,臺北市立大學,,88.89%,93.56%,99.63%,83.61%,,,,,88.89%,94.87%,99.63%,87.69%,,,,,100.00%,94.14%,98.13%,80.49%,,,
,,,,,,,,,,,,,,,,,,,,,,,,,
,,,,,,,,,,,,,,,,,,,,,,,,,
,,,,,,,,,,,,,,,,,,,,,,,,,
,,,,,,,,,,,,,,,,,,,,,,,,,
,,,,,,,,,,,,,,,,,,,,,,,,,
,,,,,,,,,,,,,,,,,,,,,,,,,
,,,,,,,,,,,,,,,,,,,,,,,,,
,,,,,,,,,,,,,,,,,,,,,,,,,
,,,,,,,,,,,,,,,,,,,,,,,,,
99學年度畢業生102年薪資年學門人數少於30人清單,,,,99學年度畢業生103年薪資年學門人數少於30人清單,,,,100學年度畢業生103年薪資年學門人數少於30人清單,,,,,,,,,,,,,,,,,
等級別,學制別,學門代碼,學門名稱,等級別,學制別,學門代碼,學門名稱,等級別,學制別,學門代碼,學門名稱,,,,,,,,,,,,,,
博士,未滿35歲,21,藝術學門,博士,未滿35歲,14,教育學門,博士,未滿35歲,22,人文學門,,,,,,,,,,,,,,
博士,未滿35歲,31,社會及行為科學學門,博士,未滿35歲,21,藝術學門,博士,未滿35歲,23,設計學門,,,,,,,,,,,,,,
博士,未滿35歲,46,數學及統計學門,博士,未滿35歲,46,數學及統計學門,博士,未滿35歲,48,電算機學門,,,,,,,,,,,,,,
博士,未滿35歲,48,電算機學門,博士,未滿35歲,48,電算機學門,博士,未滿35歲,58,建築及都市規劃學門,,,,,,,,,,,,,,
博士,未滿35歲,58,建築及都市規劃學門,博士,未滿35歲,58,建築及都市規劃學門,博士,未滿35歲,64,獸醫學門,,,,,,,,,,,,,,
博士,未滿35歲,62,農業科學學門,博士,未滿35歲,62,農業科學學門,博士,未滿35歲,81,民生學門,,,,,,,,,,,,,,
博士,未滿35歲,64,獸醫學門,博士,未滿35歲,64,獸醫學門,博士,35歲以上,21,藝術學門,,,,,,,,,,,,,,
博士,未滿35歲,84,運輸服務學門,博士,未滿35歲,84,運輸服務學門,博士,35歲以上,23,設計學門,,,,,,,,,,,,,,
博士,35歲以上,21,藝術學門,博士,35歲以上,21,藝術學門,博士,35歲以上,32,傳播學門,,,,,,,,,,,,,,
博士,35歲以上,23,設計學門,博士,35歲以上,23,設計學門,博士,35歲以上,38,法律學門,,,,,,,,,,,,,,
博士,35歲以上,32,傳播學門,博士,35歲以上,32,傳播學門,博士,35歲以上,46,數學及統計學門,,,,,,,,,,,,,,
博士,35歲以上,38,法律學門,博士,35歲以上,38,法律學門,博士,35歲以上,58,建築及都市規劃學門,,,,,,,,,,,,,,
博士,35歲以上,46,數學及統計學門,博士,35歲以上,46,數學及統計學門,博士,35歲以上,64,獸醫學門,,,,,,,,,,,,,,
博士,35歲以上,58,建築及都市規劃學門,博士,35歲以上,58,建築及都市規劃學門,博士,35歲以上,76,社會服務學門,,,,,,,,,,,,,,
博士,35歲以上,64,獸醫學門,博士,35歲以上,64,獸醫學門,博士,35歲以上,81,民生學門,,,,,,,,,,,,,,
博士,35歲以上,76,社會服務學門,博士,35歲以上,76,社會服務學門,博士,35歲以上,84,運輸服務學門,,,,,,,,,,,,,,
博士,35歲以上,81,民生學門,博士,35歲以上,81,民生學門,,,,,,,,,,,,,,,,,,
博士,35歲以上,84,運輸服務學門,博士,35歲以上,84,運輸服務學門,,,,,,,,,,,,,,,,,,
,,,,,,,,,,,,,,,,,,,,,,,,,
,,,,,,,,,,,,,,,,,,,,,,,,,
,,,,,,,,,,,,,,,,,,,,,,,,,
,,,,,,,,,,,,,,,,,,,,,,,,,
,,,,,,,,,,,,,,,,,,,,,,,,,
,,,,,,,,,,,,,,,,,,,,,,,,,
,,,,,,,,,,,,,,,,,,,,,,,,,
,,,,,,,,,,,,,,,,,,,,,,,,,
,,,,,,,,,,,,,,,,,,,,,,,,,
,,,,,,,,,,,,,,,,,,,,,,,,,
,,,,,,,,,,,,,,,,,,,,,,,,,
,,,,,,,,,,,,,,,,,,,,,,,,,
99學年度畢業生102年薪資年學類人數少於30人清單,,,,,,99學年度畢業生103年薪資年學類人數少於30人清單,,,,,,100學年度畢業生103年薪資年學類人數少於30人清單,,,,,,,,,,,,,
等級別,學制別,學門代碼,學門名稱,學類代碼,學類名稱,等級別,學制別,學門代碼,學門名稱,學類代碼,學類名稱,等級別,學制別,學門代碼,學門名稱,學類代碼,學類名稱,,,,,,,,
碩士,日間學制,14,教育學門,1409,教育測驗評量學類,碩士,日間學制,14,教育學門,1409,教育測驗評量學類,碩士,日間學制,14,教育學門,1409,教育測驗評量學類,,,,,,,,
碩士,日間學制,21,藝術學門,2108,民俗藝術學類,碩士,日間學制,21,藝術學門,2108,民俗藝術學類,碩士,日間學制,21,藝術學門,2110,藝術行政學類,,,,,,,,
碩士,日間學制,21,藝術學門,2103,美術工藝學類,碩士,日間學制,21,藝術學門,2103,美術工藝學類,碩士,日間學制,22,人文學門,2210,人類學學類,,,,,,,,
碩士,日間學制,21,藝術學門,2110,藝術行政學類,碩士,日間學制,21,藝術學門,2110,藝術行政學類,碩士,日間學制,22,人文學門,2212,文獻學學類,,,,,,,,
碩士,日間學制,22,人文學門,2210,人類學學類,碩士,日間學制,22,人文學門,2210,人類學學類,碩士,日間學制,22,人文學門,2204,其他語文學類,,,,,,,,
碩士,日間學制,22,人文學門,2212,文獻學學類,碩士,日間學制,22,人文學門,2212,文獻學學類,碩士,日間學制,22,人文學門,2208,宗教學類,,,,,,,,
碩士,日間學制,22,人文學門,2204,其他語文學類,碩士,日間學制,22,人文學門,2204,其他語文學類,碩士,日間學制,22,人文學門,2205,翻譯學類,,,,,,,,
碩士,日間學制,22,人文學門,2208,宗教學類,碩士,日間學制,22,人文學門,2208,宗教學類,碩士,日間學制,31,社會及行為科學學門,3104,民族學類,,,,,,,,
碩士,日間學制,22,人文學門,2299,其他人文學類,碩士,日間學制,22,人文學門,2205,翻譯學類,碩士,日間學制,32,傳播學門,3207,圖文傳播學類,,,,,,,,
碩士,日間學制,22,人文學門,2205,翻譯學類,碩士,日間學制,31,社會及行為科學學門,3104,民族學類,碩士,日間學制,32,傳播學門,3204,公共關係學類,,,,,,,,
碩士,日間學制,31,社會及行為科學學門,3104,民族學類,碩士,日間學制,32,傳播學門,3207,圖文傳播學類,碩士,日間學制,32,傳播學門,3208,廣告學類,,,,,,,,
碩士,日間學制,32,傳播學門,3207,圖文傳播學類,碩士,日間學制,32,傳播學門,3204,公共關係學類,碩士,日間學制,32,傳播學門,3203,廣播電視學類,,,,,,,,
碩士,日間學制,32,傳播學門,3204,公共關係學類,碩士,日間學制,32,傳播學門,3208,廣告學類,碩士,日間學制,38,法律學門,3899,其他法律學類,,,,,,,,
碩士,日間學制,32,傳播學門,3208,廣告學類,碩士,日間學制,32,傳播學門,3203,廣播電視學類,碩士,日間學制,42,生命科學學門,4299,其他生命科學類,,,,,,,,
碩士,日間學制,32,傳播學門,3203,廣播電視學類,碩士,日間學制,38,法律學門,3899,其他法律學類,碩士,日間學制,44,自然科學學門,4406,天文及太空科學學類,,,,,,,,
碩士,日間學制,38,法律學門,3899,其他法律學類,碩士,日間學制,42,生命科學學門,4299,其他生命科學類,碩士,日間學制,46,數學及統計學門,4699,其他數學及統計學類,,,,,,,,
碩士,日間學制,42,生命科學學門,4299,其他生命科學類,碩士,日間學制,44,自然科學學門,4404,大氣科學學類,碩士,日間學制,52,工程學門,5208,測量工程學類,,,,,,,,
碩士,日間學制,44,自然科學學門,4404,大氣科學學類,碩士,日間學制,44,自然科學學門,4406,天文及太空科學學類,碩士,日間學制,62,農業科學學門,6209,農業技術學類,,,,,,,,
碩士,日間學制,44,自然科學學門,4406,天文及太空科學學類,碩士,日間學制,46,數學及統計學門,4699,其他數學及統計學類,碩士,日間學制,76,社會服務學門,7602,老年服務學類,,,,,,,,
碩士,日間學制,46,數學及統計學門,4699,其他數學及統計學類,碩士,日間學制,48,電算機學門,4804,系統設計學類,碩士,日間學制,76,社會服務學門,7601,身心障礙服務學類,,,,,,,,
碩士,日間學制,48,電算機學門,4802,網路學類,碩士,日間學制,52,工程學門,5208,測量工程學類,碩士,日間學制,81,民生學門,8107,服飾學類,,,,,,,,
碩士,日間學制,48,電算機學門,4804,系統設計學類,碩士,日間學制,58,建築及都市規劃學門,5899,其他建築及都巿規劃學類,碩士,日間學制,81,民生學門,8106,生活應用科學學類,,,,,,,,
碩士,日間學制,52,工程學門,5208,測量工程學類,碩士,日間學制,62,農業科學學門,6209,農業技術學類,碩士,日間學制,81,民生學門,8199,其他民生學類,,,,,,,,
碩士,日間學制,58,建築及都市規劃學門,5899,其他建築及都巿規劃學類,碩士,日間學制,72,醫藥衛生學門,7299,其他醫藥衛生學類,碩士,日間學制,81,民生學門,8108,美容學類,,,,,,,,
碩士,日間學制,62,農業科學學門,6209,農業技術學類,碩士,日間學制,76,社會服務學門,7602,老年服務學類,碩士,日間學制,84,運輸服務學門,8402,航空學類,,,,,,,,
碩士,日間學制,72,醫藥衛生學門,7299,其他醫藥衛生學類,碩士,日間學制,76,社會服務學門,7601,身心障礙服務學類,碩士,日間學制,84,運輸服務學門,8403,航海學類,,,,,,,,
碩士,日間學制,76,社會服務學門,7602,老年服務學類,碩士,日間學制,81,民生學門,8107,服飾學類,碩士,日間學制,85,環境保護學門,8599,其他環境保護學類,,,,,,,,
碩士,日間學制,76,社會服務學門,7601,身心障礙服務學類,碩士,日間學制,81,民生學門,8106,生活應用科學學類,碩士,日間學制,99,其他學門,9901,其他不能歸類之各學類,,,,,,,,
碩士,日間學制,81,民生學門,8107,服飾學類,碩士,日間學制,81,民生學門,8199,其他民生學類,碩士,在職專班,14,教育學門,1405,成人教育學類,,,,,,,,
碩士,日間學制,81,民生學門,8106,生活應用科學學類,碩士,日間學制,81,民生學門,8108,美容學類,碩士,在職專班,14,教育學門,1409,教育測驗評量學類,,,,,,,,
碩士,日間學制,81,民生學門,8199,其他民生學類,碩士,日間學制,84,運輸服務學門,8402,航空學類,碩士,在職專班,21,藝術學門,2105,戲劇舞蹈學類,,,,,,,,
碩士,日間學制,81,民生學門,8108,美容學類,碩士,日間學制,84,運輸服務學門,8403,航海學類,碩士,在職專班,21,藝術學門,2107,綜合藝術學類,,,,,,,,
碩士,日間學制,84,運輸服務學門,8402,航空學類,碩士,日間學制,85,環境保護學門,8599,其他環境保護學類,碩士,在職專班,22,人文學門,2205,翻譯學類,,,,,,,,
碩士,日間學制,84,運輸服務學門,8403,航海學類,碩士,日間學制,99,其他學門,9901,其他不能歸類之各學類,碩士,在職專班,22,人文學門,2204,其他語文學類,,,,,,,,
碩士,日間學制,85,環境保護學門,8599,其他環境保護學類,碩士,在職專班,14,教育學門,1405,成人教育學類,碩士,在職專班,23,設計學門,2304,空間設計學類,,,,,,,,
碩士,日間學制,99,其他學門,9901,其他不能歸類之各學類,碩士,在職專班,21,藝術學門,2103,美術工藝學類,碩士,在職專班,31,社會及行為科學學門,3104,民族學類,,,,,,,,
碩士,在職專班,14,教育學門,1405,成人教育學類,碩士,在職專班,21,藝術學門,2109,應用藝術學類,碩士,在職專班,31,社會及行為科學學門,3109,國際事務學類,,,,,,,,
碩士,在職專班,21,藝術學門,2103,美術工藝學類,碩士,在職專班,21,藝術學門,2105,戲劇舞蹈學類,碩士,在職專班,31,社會及行為科學學門,3106,地理學類,,,,,,,,
碩士,在職專班,21,藝術學門,2109,應用藝術學類,碩士,在職專班,21,藝術學門,2107,綜合藝術學類,碩士,在職專班,32,傳播學門,3202,新聞學類,,,,,,,,
碩士,在職專班,21,藝術學門,2105,戲劇舞蹈學類,碩士,在職專班,22,人文學門,2299,其他人文學類,碩士,在職專班,32,傳播學門,3206,圖書資訊檔案學類,,,,,,,,
碩士,在職專班,21,藝術學門,2107,綜合藝術學類,碩士,在職專班,22,人文學門,2207,語言學類,碩士,在職專班,32,傳播學門,3299,其他傳播及資訊學類,,,,,,,,
碩士,在職專班,22,人文學門,2299,其他人文學類,碩士,在職專班,23,設計學門,2304,空間設計學類,碩士,在職專班,32,傳播學門,3207,圖文傳播學類,,,,,,,,
碩士,在職專班,22,人文學門,2207,語言學類,碩士,在職專班,23,設計學門,2302,視覺傳達設計學類,碩士,在職專班,32,傳播學門,3204,公共關係學類,,,,,,,,
碩士,在職專班,23,設計學門,2304,空間設計學類,碩士,在職專班,31,社會及行為科學學門,3104,民族學類,碩士,在職專班,32,傳播學門,3203,廣播電視學類,,,,,,,,
碩士,在職專班,23,設計學門,2302,視覺傳達設計學類,碩士,在職專班,31,社會及行為科學學門,3109,國際事務學類,碩士,在職專班,34,商業及管理學門,3407,財政學類,,,,,,,,
碩士,在職專班,31,社會及行為科學學門,3109,國際事務學類,碩士,在職專班,31,社會及行為科學學門,3106,地理學類,碩士,在職專班,42,生命科學學門,4202,生態學類,,,,,,,,
碩士,在職專班,31,社會及行為科學學門,3106,地理學類,碩士,在職專班,32,傳播學門,3202,新聞學類,碩士,在職專班,42,生命科學學門,4201,生物學類,,,,,,,,
碩士,在職專班,32,傳播學門,3202,新聞學類,碩士,在職專班,32,傳播學門,3299,其他傳播及資訊學類,碩士,在職專班,42,生命科學學門,4206,生物訊息學類,,,,,,,,
碩士,在職專班,32,傳播學門,3299,其他傳播及資訊學類,碩士,在職專班,32,傳播學門,3207,圖文傳播學類,碩士,在職專班,42,生命科學學門,4299,其他生命科學類,,,,,,,,
碩士,在職專班,32,傳播學門,3207,圖文傳播學類,碩士,在職專班,32,傳播學門,3204,公共關係學類,碩士,在職專班,44,自然科學學門,4403,物理學類,,,,,,,,
碩士,在職專班,32,傳播學門,3204,公共關係學類,碩士,在職專班,32,傳播學門,3203,廣播電視學類,碩士,在職專班,44,自然科學學門,4405,海洋科學學類,,,,,,,,
碩士,在職專班,32,傳播學門,3203,廣播電視學類,碩士,在職專班,34,商業及管理學門,3407,財政學類,碩士,在職專班,44,自然科學學門,4402,地球科學學類,,,,,,,,
碩士,在職專班,34,商業及管理學門,3407,財政學類,碩士,在職專班,42,生命科學學門,4202,生態學類,碩士,在職專班,44,自然科學學門,4401,化學學類,,,,,,,,
碩士,在職專班,42,生命科學學門,4202,生態學類,碩士,在職專班,42,生命科學學門,4206,生物訊息學類,碩士,在職專班,46,數學及統計學門,4699,其他數學及統計學類,,,,,,,,
碩士,在職專班,42,生命科學學門,4206,生物訊息學類,碩士,在職專班,42,生命科學學門,4299,其他生命科學類,碩士,在職專班,52,工程學門,5211,生醫工程學類,,,,,,,,
碩士,在職專班,42,生命科學學門,4299,其他生命科學類,碩士,在職專班,44,自然科學學門,4403,物理學類,碩士,在職專班,52,工程學門,5210,河海工程學類,,,,,,,,
碩士,在職專班,44,自然科學學門,4403,物理學類,碩士,在職專班,44,自然科學學門,4405,海洋科學學類,碩士,在職專班,58,建築及都市規劃學門,5899,其他建築及都巿規劃學類,,,,,,,,
碩士,在職專班,44,自然科學學門,4405,海洋科學學類,碩士,在職專班,44,自然科學學門,4401,化學學類,碩士,在職專班,58,建築及都市規劃學門,5802,景觀設計學類,,,,,,,,
碩士,在職專班,44,自然科學學門,4402,地球科學學類,碩士,在職專班,44,自然科學學門,4402,地球科學學類,碩士,在職專班,58,建築及都市規劃學門,5803,都巿規劃學類,,,,,,,,
碩士,在職專班,44,自然科學學門,4401,化學學類,碩士,在職專班,46,數學及統計學門,4699,其他數學及統計學類,碩士,在職專班,62,農業科學學門,6201,一般農業學類,,,,,,,,
碩士,在職專班,46,數學及統計學門,4699,其他數學及統計學類,碩士,在職專班,48,電算機學門,4805,電算機應用學類,碩士,在職專班,62,農業科學學門,6211,漁業學類,,,,,,,,
碩士,在職專班,48,電算機學門,4805,電算機應用學類,碩士,在職專班,52,工程學門,5211,生醫工程學類,碩士,在職專班,62,農業科學學門,6210,林業學類,,,,,,,,
碩士,在職專班,52,工程學門,5211,生醫工程學類,碩士,在職專班,52,工程學門,5207,紡織工程學類,碩士,在職專班,62,農業科學學門,6207,水土保持學類,,,,,,,,
碩士,在職專班,52,工程學門,5207,紡織工程學類,碩士,在職專班,58,建築及都市規劃學門,5899,其他建築及都巿規劃學類,碩士,在職專班,62,農業科學學門,6299,其他農林漁牧學類,,,,,,,,
碩士,在職專班,58,建築及都市規劃學門,5899,其他建築及都巿規劃學類,碩士,在職專班,58,建築及都市規劃學門,5802,景觀設計學類,碩士,在職專班,62,農業科學學門,6202,畜牧學類,,,,,,,,
碩士,在職專班,58,建築及都市規劃學門,5802,景觀設計學類,碩士,在職專班,58,建築及都市規劃學門,5803,都巿規劃學類,碩士,在職專班,64,獸醫學門,6401,獸醫學類,,,,,,,,
碩士,在職專班,58,建築及都市規劃學門,5803,都巿規劃學類,碩士,在職專班,62,農業科學學門,6201,一般農業學類,碩士,在職專班,72,醫藥衛生學門,7201,醫學學類,,,,,,,,
碩士,在職專班,62,農業科學學門,6201,一般農業學類,碩士,在職專班,62,農業科學學門,6211,漁業學類,碩士,在職專班,72,醫藥衛生學門,7202,公共衛生學類,,,,,,,,
碩士,在職專班,62,農業科學學門,6211,漁業學類,碩士,在職專班,62,農業科學學門,6210,林業學類,碩士,在職專班,72,醫藥衛生學門,7203,藥學學類,,,,,,,,
碩士,在職專班,62,農業科學學門,6210,林業學類,碩士,在職專班,62,農業科學學門,6207,水土保持學類,碩士,在職專班,72,醫藥衛生學門,7205,營養學類,,,,,,,,
碩士,在職專班,62,農業科學學門,6207,水土保持學類,碩士,在職專班,62,農業科學學門,6202,畜牧學類,碩士,在職專班,72,醫藥衛生學門,7207,醫學技術及檢驗學類,,,,,,,,
碩士,在職專班,62,農業科學學門,6202,畜牧學類,碩士,在職專班,72,醫藥衛生學門,7201,醫學學類,碩士,在職專班,72,醫藥衛生學門,7208,牙醫學類,,,,,,,,
碩士,在職專班,64,獸醫學門,6401,獸醫學類,碩士,在職專班,72,醫藥衛生學門,7202,公共衛生學類,碩士,在職專班,76,社會服務學門,7603,社會工作學類,,,,,,,,
碩士,在職專班,72,醫藥衛生學門,7201,醫學學類,碩士,在職專班,72,醫藥衛生學門,7203,藥學學類,碩士,在職專班,81,民生學門,8103,競技運動學類,,,,,,,,
碩士,在職專班,72,醫藥衛生學門,7202,公共衛生學類,碩士,在職專班,72,醫藥衛生學門,7205,營養學類,碩士,在職專班,81,民生學門,8107,服飾學類,,,,,,,,
碩士,在職專班,72,醫藥衛生學門,7203,藥學學類,碩士,在職專班,72,醫藥衛生學門,7207,醫學技術及檢驗學類,碩士,在職專班,81,民生學門,8104,運動科技學類,,,,,,,,
碩士,在職專班,72,醫藥衛生學門,7205,營養學類,碩士,在職專班,72,醫藥衛生學門,7208,牙醫學類,碩士,在職專班,81,民生學門,8108,美容學類,,,,,,,,
碩士,在職專班,72,醫藥衛生學門,7207,醫學技術及檢驗學類,碩士,在職專班,72,醫藥衛生學門,7204,復健醫學學類,碩士,在職專班,81,民生學門,8101,餐旅服務學類,,,,,,,,
碩士,在職專班,72,醫藥衛生學門,7208,牙醫學類,碩士,在職專班,76,社會服務學門,7603,社會工作學類,碩士,在職專班,81,民生學門,8199,其他民生學類,,,,,,,,
碩士,在職專班,72,醫藥衛生學門,7204,復健醫學學類,碩士,在職專班,76,社會服務學門,7602,老年服務學類,碩士,在職專班,84,運輸服務學門,8402,航空學類,,,,,,,,
碩士,在職專班,76,社會服務學門,7603,社會工作學類,碩士,在職專班,81,民生學門,8103,競技運動學類,碩士,在職專班,84,運輸服務學門,8403,航海學類,,,,,,,,
碩士,在職專班,76,社會服務學門,7602,老年服務學類,碩士,在職專班,81,民生學門,8107,服飾學類,碩士,在職專班,85,環境保護學門,8599,其他環境保護學類,,,,,,,,
碩士,在職專班,81,民生學門,8103,競技運動學類,碩士,在職專班,81,民生學門,8104,運動科技學類,碩士,在職專班,85,環境保護學門,8502,環境防災學類,,,,,,,,
碩士,在職專班,81,民生學門,8107,服飾學類,碩士,在職專班,81,民生學門,8108,美容學類,碩士,在職專班,86,軍警國防安全學門,8601,警政學類,,,,,,,,
碩士,在職專班,81,民生學門,8104,運動科技學類,碩士,在職專班,81,民生學門,8106,生活應用科學學類,碩士,在職專班,99,其他學門,9901,其他不能歸類之各學類,,,,,,,,
碩士,在職專班,81,民生學門,8108,美容學類,碩士,在職專班,81,民生學門,8199,其他民生學類,學士,日間學制,14,教育學門,1499,其他教育學類,,,,,,,,
碩士,在職專班,81,民生學門,8106,生活應用科學學類,碩士,在職專班,84,運輸服務學門,8402,航空學類,學士,日間學制,21,藝術學門,2110,藝術行政學類,,,,,,,,
碩士,在職專班,81,民生學門,8199,其他民生學類,碩士,在職專班,84,運輸服務學門,8403,航海學類,學士,日間學制,21,藝術學門,2102,雕塑藝術學類,,,,,,,,
碩士,在職專班,84,運輸服務學門,8402,航空學類,碩士,在職專班,85,環境保護學門,8599,其他環境保護學類,學士,日間學制,21,藝術學門,2108,民俗藝術學類,,,,,,,,
碩士,在職專班,84,運輸服務學門,8403,航海學類,碩士,在職專班,85,環境保護學門,8501,環境資源學類,學士,日間學制,22,人文學門,2210,人類學學類,,,,,,,,
碩士,在職專班,85,環境保護學門,8599,其他環境保護學類,碩士,在職專班,85,環境保護學門,8502,環境防災學類,學士,日間學制,31,社會及行為科學學門,3104,民族學類,,,,,,,,
碩士,在職專班,85,環境保護學門,8501,環境資源學類,碩士,在職專班,86,軍警國防安全學門,8601,警政學類,學士,日間學制,32,傳播學門,3299,其他傳播及資訊學類,,,,,,,,
碩士,在職專班,85,環境保護學門,8502,環境防災學類,碩士,在職專班,99,其他學門,9901,其他不能歸類之各學類,學士,日間學制,38,法律學門,3899,其他法律學類,,,,,,,,
碩士,在職專班,86,軍警國防安全學門,8601,警政學類,學士,日間學制,14,教育學門,1405,成人教育學類,學士,日間學制,42,生命科學學門,4204,微生物學類,,,,,,,,
碩士,在職專班,99,其他學門,9901,其他不能歸類之各學類,學士,日間學制,14,教育學門,1499,其他教育學類,學士,日間學制,42,生命科學學門,4299,其他生命科學類,,,,,,,,
學士,日間學制,14,教育學門,1405,成人教育學類,學士,日間學制,21,藝術學門,2102,雕塑藝術學類,學士,日間學制,52,工程學門,5208,測量工程學類,,,,,,,,
學士,日間學制,14,教育學門,1499,其他教育學類,學士,日間學制,21,藝術學門,2108,民俗藝術學類,學士,日間學制,52,工程學門,5212,核子工程學類,,,,,,,,
學士,日間學制,21,藝術學門,2110,藝術行政學類,學士,日間學制,38,法律學門,3899,其他法律學類,學士,日間學制,58,建築及都市規劃學門,5899,其他建築及都巿規劃學類,,,,,,,,
學士,日間學制,21,藝術學門,2102,雕塑藝術學類,學士,日間學制,42,生命科學學門,4204,微生物學類,學士,日間學制,62,農業科學學門,6208,農業化學類,,,,,,,,
學士,日間學制,21,藝術學門,2108,民俗藝術學類,學士,日間學制,42,生命科學學門,4299,其他生命科學類,學士,日間學制,62,農業科學學門,6209,農業技術學類,,,,,,,,
學士,日間學制,38,法律學門,3899,其他法律學類,學士,日間學制,52,工程學門,5208,測量工程學類,學士,日間學制,81,民生學門,8104,運動科技學類,,,,,,,,
學士,日間學制,42,生命科學學門,4205,生物化學學類,學士,日間學制,52,工程學門,5212,核子工程學類,學士,進修學制,21,藝術學門,2107,綜合藝術學類,,,,,,,,
學士,日間學制,42,生命科學學門,4204,微生物學類,學士,日間學制,58,建築及都市規劃學門,5899,其他建築及都巿規劃學類,學士,進修學制,21,藝術學門,2106,視覺藝術學類,,,,,,,,
學士,日間學制,42,生命科學學門,4299,其他生命科學類,學士,日間學制,62,農業科學學門,6208,農業化學類,學士,進修學制,22,人文學門,2299,其他人文學類,,,,,,,,
學士,日間學制,52,工程學門,5208,測量工程學類,學士,日間學制,62,農業科學學門,6209,農業技術學類,學士,進修學制,23,設計學門,2399,其他設計學類,,,,,,,,
學士,日間學制,52,工程學門,5212,核子工程學類,學士,日間學制,72,醫藥衛生學門,7299,其他醫藥衛生學類,學士,進修學制,32,傳播學門,3204,公共關係學類,,,,,,,,
學士,日間學制,62,農業科學學門,6208,農業化學類,學士,日間學制,85,環境保護學門,8502,環境防災學類,學士,進修學制,32,傳播學門,3207,圖文傳播學類,,,,,,,,
學士,日間學制,62,農業科學學門,6209,農業技術學類,學士,日間學制,99,其他學門,9901,其他不能歸類之各學類,學士,進修學制,38,法律學門,3899,其他法律學類,,,,,,,,
學士,日間學制,72,醫藥衛生學門,7299,其他醫藥衛生學類,學士,進修學制,21,藝術學門,2106,視覺藝術學類,學士,進修學制,44,自然科學學門,4401,化學學類,,,,,,,,
學士,日間學制,85,環境保護學門,8502,環境防災學類,學士,進修學制,21,藝術學門,2105,戲劇舞蹈學類,學士,進修學制,46,數學及統計學門,4601,數學學類,,,,,,,,
學士,日間學制,99,其他學門,9901,其他不能歸類之各學類,學士,進修學制,22,人文學門,2211,哲學學類,學士,進修學制,48,電算機學門,4899,其他電算績學類,,,,,,,,
學士,進修學制,21,藝術學門,2106,視覺藝術學類,學士,進修學制,22,人文學門,2299,其他人文學類,學士,進修學制,52,工程學門,5211,生醫工程學類,,,,,,,,
學士,進修學制,21,藝術學門,2105,戲劇舞蹈學類,學士,進修學制,23,設計學門,2399,其他設計學類,學士,進修學制,52,工程學門,5213,綜合工程學類,,,,,,,,
學士,進修學制,22,人文學門,2211,哲學學類,學士,進修學制,32,傳播學門,3204,公共關係學類,學士,進修學制,58,建築及都市規劃學門,5803,都巿規劃學類,,,,,,,,
學士,進修學制,22,人文學門,2299,其他人文學類,學士,進修學制,32,傳播學門,3207,圖文傳播學類,學士,進修學制,62,農業科學學門,6205,農業經濟及推廣學類,,,,,,,,
學士,進修學制,22,人文學門,2205,翻譯學類,學士,進修學制,38,法律學門,3899,其他法律學類,學士,進修學制,62,農業科學學門,6203,園藝學類,,,,,,,,
學士,進修學制,23,設計學門,2399,其他設計學類,學士,進修學制,44,自然科學學門,4401,化學學類,學士,進修學制,62,農業科學學門,6210,林業學類,,,,,,,,
學士,進修學制,32,傳播學門,3204,公共關係學類,學士,進修學制,46,數學及統計學門,4601,數學學類,學士,進修學制,62,農業科學學門,6202,畜牧學類,,,,,,,,
學士,進修學制,32,傳播學門,3206,圖書資訊檔案學類,學士,進修學制,48,電算機學門,4802,網路學類,學士,進修學制,72,醫藥衛生學門,7203,藥學學類,,,,,,,,
學士,進修學制,32,傳播學門,3207,圖文傳播學類,學士,進修學制,52,工程學門,5211,生醫工程學類,學士,進修學制,72,醫藥衛生學門,7208,牙醫學類,,,,,,,,
學士,進修學制,38,法律學門,3899,其他法律學類,學士,進修學制,52,工程學門,5213,綜合工程學類,學士,進修學制,81,民生學門,8103,競技運動學類,,,,,,,,
學士,進修學制,44,自然科學學門,4401,化學學類,學士,進修學制,62,農業科學學門,6205,農業經濟及推廣學類,學士,進修學制,81,民生學門,8199,其他民生學類,,,,,,,,
學士,進修學制,46,數學及統計學門,4601,數學學類,學士,進修學制,62,農業科學學門,6203,園藝學類,學士,進修學制,81,民生學門,8106,生活應用科學學類,,,,,,,,
學士,進修學制,48,電算機學門,4802,網路學類,學士,進修學制,62,農業科學學門,6210,林業學類,專科,日間學制,21,藝術學門,2105,戲劇舞蹈學類,,,,,,,,
學士,進修學制,52,工程學門,5211,生醫工程學類,學士,進修學制,62,農業科學學門,6202,畜牧學類,專科,日間學制,21,藝術學門,2106,視覺藝術學類,,,,,,,,
學士,進修學制,52,工程學門,5213,綜合工程學類,學士,進修學制,72,醫藥衛生學門,7203,藥學學類,專科,日間學制,21,藝術學門,2103,美術工藝學類,,,,,,,,
學士,進修學制,62,農業科學學門,6205,農業經濟及推廣學類,學士,進修學制,72,醫藥衛生學門,7299,其他醫藥衛生學類,專科,日間學制,23,設計學門,2304,空間設計學類,,,,,,,,
學士,進修學制,62,農業科學學門,6203,園藝學類,學士,進修學制,81,民生學門,8103,競技運動學類,專科,日間學制,23,設計學門,2302,視覺傳達設計學類,,,,,,,,
學士,進修學制,62,農業科學學門,6210,林業學類,專科,日間學制,21,藝術學門,2103,美術工藝學類,專科,日間學制,23,設計學門,2303,產品設計學類,,,,,,,,
學士,進修學制,62,農業科學學門,6202,畜牧學類,專科,日間學制,23,設計學門,2304,空間設計學類,專科,日間學制,34,商業及管理學門,3499,其他商業及管理學類,,,,,,,,
學士,進修學制,72,醫藥衛生學門,7203,藥學學類,專科,日間學制,23,設計學門,2303,產品設計學類,專科,日間學制,34,商業及管理學門,3407,財政學類,,,,,,,,
學士,進修學制,72,醫藥衛生學門,7299,其他醫藥衛生學類,專科,日間學制,23,設計學門,2302,視覺傳達設計學類,專科,日間學制,48,電算機學門,4803,軟體發展學類,,,,,,,,
學士,進修學制,81,民生學門,8103,競技運動學類,專科,日間學制,34,商業及管理學門,3499,其他商業及管理學類,專科,日間學制,48,電算機學門,4805,電算機應用學類,,,,,,,,
專科,日間學制,21,藝術學門,2103,美術工藝學類,專科,日間學制,34,商業及管理學門,3408,行銷與流通學類,專科,日間學制,52,工程學門,5203,土木工程學類,,,,,,,,
專科,日間學制,23,設計學門,2304,空間設計學類,專科,日間學制,34,商業及管理學門,3407,財政學類,專科,日間學制,52,工程學門,5204,化學工程學類,,,,,,,,
專科,日間學制,23,設計學門,2303,產品設計學類,專科,日間學制,48,電算機學門,4803,軟體發展學類,專科,日間學制,58,建築及都市規劃學門,5801,建築學類,,,,,,,,
專科,日間學制,23,設計學門,2302,視覺傳達設計學類,專科,日間學制,48,電算機學門,4805,電算機應用學類,專科,日間學制,62,農業科學學門,6203,園藝學類,,,,,,,,
專科,日間學制,34,商業及管理學門,3499,其他商業及管理學類,專科,日間學制,52,工程學門,5203,土木工程學類,專科,日間學制,62,農業科學學門,6206,食品科學類,,,,,,,,
專科,日間學制,34,商業及管理學門,3408,行銷與流通學類,專科,日間學制,52,工程學門,5204,化學工程學類,專科,日間學制,72,醫藥衛生學門,7205,營養學類,,,,,,,,
專科,日間學制,48,電算機學門,4803,軟體發展學類,專科,日間學制,52,工程學門,5209,環境工程學類,專科,日間學制,72,醫藥衛生學門,7202,公共衛生學類,,,,,,,,
專科,日間學制,52,工程學門,5204,化學工程學類,專科,日間學制,58,建築及都市規劃學門,5801,建築學類,專科,日間學制,76,社會服務學門,7602,老年服務學類,,,,,,,,
專科,日間學制,52,工程學門,5209,環境工程學類,專科,日間學制,62,農業科學學門,6203,園藝學類,專科,日間學制,81,民生學門,8107,服飾學類,,,,,,,,
專科,日間學制,52,工程學門,5203,土木工程學類,專科,日間學制,62,農業科學學門,6206,食品科學類,專科,日間學制,81,民生學門,8106,生活應用科學學類,,,,,,,,
專科,日間學制,58,建築及都市規劃學門,5801,建築學類,專科,日間學制,72,醫藥衛生學門,7205,營養學類,專科,日間學制,84,運輸服務學門,8403,航海學類,,,,,,,,
專科,日間學制,62,農業科學學門,6203,園藝學類,專科,日間學制,72,醫藥衛生學門,7202,公共衛生學類,專科,進修學制,22,人文學門,2203,外國語文學類,,,,,,,,
專科,日間學制,62,農業科學學門,6206,食品科學類,專科,日間學制,72,醫藥衛生學門,7208,牙醫學類,專科,進修學制,23,設計學門,2304,空間設計學類,,,,,,,,
專科,日間學制,72,醫藥衛生學門,7205,營養學類,專科,日間學制,76,社會服務學門,7602,老年服務學類,專科,進修學制,23,設計學門,2302,視覺傳達設計學類,,,,,,,,
專科,日間學制,72,醫藥衛生學門,7202,公共衛生學類,專科,日間學制,81,民生學門,8107,服飾學類,專科,進修學制,34,商業及管理學門,3404,貿易學類,,,,,,,,
專科,日間學制,72,醫藥衛生學門,7208,牙醫學類,專科,日間學制,81,民生學門,8106,生活應用科學學類,專科,進修學制,34,商業及管理學門,3408,行銷與流通學類,,,,,,,,
專科,日間學制,76,社會服務學門,7602,老年服務學類,專科,日間學制,84,運輸服務學門,8403,航海學類,專科,進修學制,34,商業及管理學門,3402,會計學類,,,,,,,,
專科,日間學制,81,民生學門,8107,服飾學類,專科,進修學制,21,藝術學門,2106,視覺藝術學類,專科,進修學制,34,商業及管理學門,3405,財務金融學類,,,,,,,,
專科,日間學制,81,民生學門,8106,生活應用科學學類,專科,進修學制,23,設計學門,2304,空間設計學類,專科,進修學制,48,電算機學門,4805,電算機應用學類,,,,,,,,
專科,日間學制,84,運輸服務學門,8403,航海學類,專科,進修學制,23,設計學門,2302,視覺傳達設計學類,專科,進修學制,52,工程學門,5206,工業工程學類,,,,,,,,
專科,進修學制,21,藝術學門,2106,視覺藝術學類,專科,進修學制,32,傳播學門,3201,一般大眾傳播學類,專科,進修學制,58,建築及都市規劃學門,5801,建築學類,,,,,,,,
專科,進修學制,23,設計學門,2304,空間設計學類,專科,進修學制,34,商業及管理學門,3407,財政學類,專科,進修學制,62,農業科學學門,6203,園藝學類,,,,,,,,
專科,進修學制,23,設計學門,2302,視覺傳達設計學類,專科,進修學制,52,工程學門,5204,化學工程學類,專科,進修學制,72,醫藥衛生學門,7204,復健醫學學類,,,,,,,,
專科,進修學制,32,傳播學門,3201,一般大眾傳播學類,專科,進修學制,52,工程學門,5206,工業工程學類,專科,進修學制,72,醫藥衛生學門,7208,牙醫學類,,,,,,,,
專科,進修學制,34,商業及管理學門,3407,財政學類,專科,進修學制,52,工程學門,5299,其他工程學類,專科,進修學制,76,社會服務學門,7699,其他社會服務學類,,,,,,,,
專科,進修學制,52,工程學門,5204,化學工程學類,專科,進修學制,58,建築及都市規劃學門,5801,建築學類,專科,進修學制,84,運輸服務學門,8403,航海學類,,,,,,,,
專科,進修學制,52,工程學門,5206,工業工程學類,專科,進修學制,62,農業科學學門,6203,園藝學類,,,,,,,,,,,,,,
專科,進修學制,52,工程學門,5299,其他工程學類,專科,進修學制,62,農業科學學門,6211,漁業學類,,,,,,,,,,,,,,
專科,進修學制,58,建築及都市規劃學門,5801,建築學類,專科,進修學制,76,社會服務學門,7699,其他社會服務學類,,,,,,,,,,,,,,
專科,進修學制,62,農業科學學門,6203,園藝學類,專科,進修學制,84,運輸服務學門,8403,航海學類,,,,,,,,,,,,,,
專科,進修學制,62,農業科學學門,6211,漁業學類,,,,,,,,,,,,,,,,,,,,
專科,進修學制,76,社會服務學門,7699,其他社會服務學類,,,,,,,,,,,,,,,,,,,,
專科,進修學制,84,運輸服務學門,8403,航海學類,,,,,,,,,,,,,,,,,,,,
,,,,,,,,,,,,,,,,,,,,,,,,,
,,,,,,,,,,,,,,,,,,,,,,,,,
,,,,,,,,,,,,,,,,,,,,,,,,,
,,,,,,,,,,,,,,,,,,,,,,,,,
,,,,,,,,,,,,,,,,,,,,,,,,,
,,,,,,,,,,,,,,,,,,,,,,,,,
,,,,,,,,,,,,,,,,,,,,,,,,,
,,,,,,,,,,,,,,,,,,,,,,,,,
99學年度畢業生102年薪資年分學校人數少於30人清單,,,,,,,,99學年度畢業生103年薪資年分學校人數少於30人清單,,,,,,,,100學年度畢業生103年薪資年分學校人數少於30人清單,,,,,,,,,
學校代碼,學校名稱,體系別,公私立,畢業年,薪資年,等級別,學制別,學校代碼,學校名稱,體系別,公私立,畢業年,薪資年,等級別,學制別,學校代碼,學校名稱,體系別,公私立,畢業年,薪資年,等級別,學制別,,
1,國立政治大學,一般,公立,99,102,博士,未滿35歲,1,國立政治大學,一般,公立,99,103,博士,未滿35歲,1,國立政治大學,一般,公立,100,103,博士,未滿35歲,,
12,國立臺灣海洋大學,一般,公立,99,102,博士,未滿35歲,12,國立臺灣海洋大學,一般,公立,99,103,博士,未滿35歲,3,國立臺灣大學,一般,公立,100,103,學士,進修學制,,
12,國立臺灣海洋大學,一般,公立,99,102,博士,35歲以上,12,國立臺灣海洋大學,一般,公立,99,103,博士,35歲以上,12,國立臺灣海洋大學,一般,公立,100,103,博士,未滿35歲,,
14,國立高雄師範大學,一般,公立,99,102,博士,未滿35歲,14,國立高雄師範大學,一般,公立,99,103,博士,未滿35歲,12,國立臺灣海洋大學,一般,公立,100,103,博士,35歲以上,,
16,國立陽明大學,一般,公立,99,102,碩士,在職專班,16,國立陽明大學,一般,公立,99,103,碩士,在職專班,14,國立高雄師範大學,一般,公立,100,103,博士,未滿35歲,,
17,國立臺北大學,一般,公立,99,102,博士,35歲以上,17,國立臺北大學,一般,公立,99,103,博士,35歲以上,15,國立彰化師範大學,一般,公立,100,103,博士,未滿35歲,,
18,國立嘉義大學,一般,公立,99,102,博士,未滿35歲,18,國立嘉義大學,一般,公立,99,103,博士,未滿35歲,16,國立陽明大學,一般,公立,100,103,碩士,在職專班,,
18,國立嘉義大學,一般,公立,99,102,博士,35歲以上,18,國立嘉義大學,一般,公立,99,103,博士,35歲以上,17,國立臺北大學,一般,公立,100,103,博士,未滿35歲,,
20,國立東華大學,一般,公立,99,102,博士,未滿35歲,20,國立東華大學,一般,公立,99,103,博士,未滿35歲,17,國立臺北大學,一般,公立,100,103,博士,35歲以上,,
20,國立東華大學,一般,公立,99,102,博士,35歲以上,20,國立東華大學,一般,公立,99,103,博士,35歲以上,18,國立嘉義大學,一般,公立,100,103,博士,35歲以上,,
20,國立東華大學,一般,公立,99,102,學士,進修學制,20,國立東華大學,一般,公立,99,103,學士,進修學制,20,國立東華大學,一般,公立,100,103,博士,未滿35歲,,
21,國立暨南國際大學,一般,公立,99,102,博士,未滿35歲,21,國立暨南國際大學,一般,公立,99,103,博士,未滿35歲,20,國立東華大學,一般,公立,100,103,博士,35歲以上,,
21,國立暨南國際大學,一般,公立,99,102,博士,35歲以上,21,國立暨南國際大學,一般,公立,99,103,博士,35歲以上,21,國立暨南國際大學,一般,公立,100,103,博士,未滿35歲,,
21,國立暨南國際大學,一般,公立,99,102,學士,進修學制,21,國立暨南國際大學,一般,公立,99,103,學士,進修學制,21,國立暨南國際大學,一般,公立,100,103,博士,35歲以上,,
23,國立雲林科技大學,技職,公立,99,102,博士,未滿35歲,23,國立雲林科技大學,技職,公立,99,103,博士,未滿35歲,23,國立雲林科技大學,技職,公立,100,103,博士,未滿35歲,,
24,國立屏東科技大學,技職,公立,99,102,博士,未滿35歲,24,國立屏東科技大學,技職,公立,99,103,博士,未滿35歲,24,國立屏東科技大學,技職,公立,100,103,博士,未滿35歲,,
24,國立屏東科技大學,技職,公立,99,102,博士,35歲以上,24,國立屏東科技大學,技職,公立,99,103,博士,35歲以上,24,國立屏東科技大學,技職,公立,100,103,博士,35歲以上,,
25,國立臺北科技大學,技職,公立,99,102,博士,未滿35歲,25,國立臺北科技大學,技職,公立,99,103,博士,未滿35歲,25,國立臺北科技大學,技職,公立,100,103,博士,未滿35歲,,
25,國立臺北科技大學,技職,公立,99,102,博士,35歲以上,25,國立臺北科技大學,技職,公立,99,103,博士,35歲以上,25,國立臺北科技大學,技職,公立,100,103,博士,35歲以上,,
26,國立高雄第一科技大學,技職,公立,99,102,博士,未滿35歲,26,國立高雄第一科技大學,技職,公立,99,103,博士,未滿35歲,26,國立高雄第一科技大學,技職,公立,100,103,博士,未滿35歲,,
26,國立高雄第一科技大學,技職,公立,99,102,博士,35歲以上,26,國立高雄第一科技大學,技職,公立,99,103,博士,35歲以上,26,國立高雄第一科技大學,技職,公立,100,103,博士,35歲以上,,
27,國立高雄應用科技大學,技職,公立,99,102,博士,35歲以上,27,國立高雄應用科技大學,技職,公立,99,103,博士,35歲以上,27,國立高雄應用科技大學,技職,公立,100,103,博士,未滿35歲,,
28,國立臺北藝術大學,一般,公立,99,102,博士,35歲以上,28,國立臺北藝術大學,一般,公立,99,103,博士,35歲以上,27,國立高雄應用科技大學,技職,公立,100,103,博士,35歲以上,,
28,國立臺北藝術大學,一般,公立,99,102,碩士,在職專班,28,國立臺北藝術大學,一般,公立,99,103,碩士,在職專班,28,國立臺北藝術大學,一般,公立,100,103,碩士,在職專班,,
30,國立臺東大學,一般,公立,99,102,學士,進修學制,30,國立臺東大學,一般,公立,99,103,碩士,日間學制,30,國立臺東大學,一般,公立,100,103,學士,進修學制,,
33,國立虎尾科技大學,技職,公立,99,102,博士,未滿35歲,30,國立臺東大學,一般,公立,99,103,學士,進修學制,31,國立宜蘭大學,一般,公立,100,103,碩士,在職專班,,
34,國立高雄海洋科技大學,技職,公立,99,102,專科,日間學制,33,國立虎尾科技大學,技職,公立,99,103,博士,未滿35歲,33,國立虎尾科技大學,技職,公立,100,103,博士,未滿35歲,,
35,國立臺南藝術大學,一般,公立,99,102,學士,進修學制,34,國立高雄海洋科技大學,技職,公立,99,103,專科,日間學制,34,國立高雄海洋科技大學,技職,公立,100,103,專科,日間學制,,
36,國立臺南大學,一般,公立,99,102,博士,35歲以上,35,國立臺南藝術大學,一般,公立,99,103,學士,進修學制,35,國立臺南藝術大學,一般,公立,100,103,碩士,在職專班,,
37,國立臺北教育大學,一般,公立,99,102,博士,35歲以上,36,國立臺南大學,一般,公立,99,103,博士,35歲以上,35,國立臺南藝術大學,一般,公立,100,103,學士,進修學制,,
38,國立新竹教育大學,一般,公立,99,102,博士,35歲以上,37,國立臺北教育大學,一般,公立,99,103,博士,35歲以上,36,國立臺南大學,一般,公立,100,103,博士,35歲以上,,
39,國立臺中教育大學,一般,公立,99,102,博士,未滿35歲,38,國立新竹教育大學,一般,公立,99,103,博士,35歲以上,37,國立臺北教育大學,一般,公立,100,103,博士,35歲以上,,
39,國立臺中教育大學,一般,公立,99,102,博士,35歲以上,39,國立臺中教育大學,一般,公立,99,103,博士,未滿35歲,38,國立新竹教育大學,一般,公立,100,103,博士,35歲以上,,
40,國立屏東教育大學,一般,公立,99,102,博士,35歲以上,39,國立臺中教育大學,一般,公立,99,103,博士,35歲以上,39,國立臺中教育大學,一般,公立,100,103,博士,35歲以上,,
42,國立澎湖科技大學,技職,公立,99,102,碩士,日間學制,40,國立屏東教育大學,一般,公立,99,103,博士,35歲以上,40,國立屏東教育大學,一般,公立,100,103,博士,35歲以上,,
42,國立澎湖科技大學,技職,公立,99,102,碩士,在職專班,42,國立澎湖科技大學,技職,公立,99,103,碩士,日間學制,42,國立澎湖科技大學,技職,公立,100,103,碩士,日間學制,,
42,國立澎湖科技大學,技職,公立,99,102,專科,進修學制,42,國立澎湖科技大學,技職,公立,99,103,碩士,在職專班,42,國立澎湖科技大學,技職,公立,100,103,碩士,在職專班,,
43,國立勤益科技大學,技職,公立,99,102,專科,日間學制,42,國立澎湖科技大學,技職,公立,99,103,專科,進修學制,43,國立勤益科技大學,技職,公立,100,103,專科,日間學制,,
44,國立體育大學,一般,公立,99,102,博士,未滿35歲,43,國立勤益科技大學,技職,公立,99,103,專科,日間學制,43,國立勤益科技大學,技職,公立,100,103,專科,進修學制,,
44,國立體育大學,一般,公立,99,102,博士,35歲以上,44,國立體育大學,一般,公立,99,103,博士,35歲以上,44,國立體育大學,一般,公立,100,103,博士,未滿35歲,,
44,國立體育大學,一般,公立,99,102,學士,進修學制,44,國立體育大學,一般,公立,99,103,學士,進修學制,44,國立體育大學,一般,公立,100,103,博士,35歲以上,,
46,國立臺北護理健康大學,技職,公立,99,102,博士,35歲以上,46,國立臺北護理健康大學,技職,公立,99,103,博士,35歲以上,44,國立體育大學,一般,公立,100,103,學士,進修學制,,
46,國立臺北護理健康大學,技職,公立,99,102,碩士,在職專班,46,國立臺北護理健康大學,技職,公立,99,103,碩士,在職專班,46,國立臺北護理健康大學,技職,公立,100,103,博士,35歲以上,,
47,國立高雄餐旅大學,技職,公立,99,102,碩士,在職專班,47,國立高雄餐旅大學,技職,公立,99,103,碩士,在職專班,46,國立臺北護理健康大學,技職,公立,100,103,碩士,在職專班,,
47,國立高雄餐旅大學,技職,公立,99,102,專科,日間學制,47,國立高雄餐旅大學,技職,公立,99,103,專科,日間學制,47,國立高雄餐旅大學,技職,公立,100,103,碩士,在職專班,,
48,國立金門大學,一般,公立,99,102,碩士,日間學制,48,國立金門大學,一般,公立,99,103,碩士,日間學制,47,國立高雄餐旅大學,技職,公立,100,103,專科,日間學制,,
136,國立屏東商業技術學院,技職,公立,99,102,碩士,在職專班,50,國立臺中科技大學,技職,公立,99,103,碩士,在職專班,48,國立金門大學,一般,公立,100,103,碩士,日間學制,,
142,國立臺北商業技術學院,技職,公立,99,102,碩士,在職專班,136,國立屏東商業技術學院,技職,公立,99,103,碩士,在職專班,49,國立臺灣體育運動大學,一般,公立,100,103,碩士,在職專班,,
221,國立臺南護理專科學校,技職,公立,99,102,專科,日間學制,142,國立臺北商業技術學院,技職,公立,99,103,碩士,在職專班,136,國立屏東商業技術學院,技職,公立,100,103,碩士,在職專班,,
221,國立臺南護理專科學校,技職,公立,99,102,專科,進修學制,221,國立臺南護理專科學校,技職,公立,99,103,專科,日間學制,142,國立臺北商業技術學院,技職,公立,100,103,碩士,在職專班,,
1001,東海大學,一般,私立,99,102,博士,未滿35歲,221,國立臺南護理專科學校,技職,公立,99,103,專科,進修學制,144,國立臺灣戲曲學院,技職,公立,100,103,專科,日間學制,,
1001,東海大學,一般,私立,99,102,博士,35歲以上,1001,東海大學,一般,私立,99,103,博士,未滿35歲,221,國立臺南護理專科學校,技職,公立,100,103,專科,進修學制,,
1002,輔仁大學,一般,私立,99,102,博士,未滿35歲,1001,東海大學,一般,私立,99,103,博士,35歲以上,1001,東海大學,一般,私立,100,103,博士,未滿35歲,,
1002,輔仁大學,一般,私立,99,102,博士,35歲以上,1002,輔仁大學,一般,私立,99,103,博士,未滿35歲,1001,東海大學,一般,私立,100,103,博士,35歲以上,,
1003,東吳大學,一般,私立,99,102,博士,35歲以上,1002,輔仁大學,一般,私立,99,103,博士,35歲以上,1002,輔仁大學,一般,私立,100,103,博士,未滿35歲,,
1004,中原大學,一般,私立,99,102,博士,未滿35歲,1003,東吳大學,一般,私立,99,103,博士,35歲以上,1002,輔仁大學,一般,私立,100,103,博士,35歲以上,,
1004,中原大學,一般,私立,99,102,博士,35歲以上,1004,中原大學,一般,私立,99,103,博士,未滿35歲,1003,東吳大學,一般,私立,100,103,博士,35歲以上,,
1004,中原大學,一般,私立,99,102,學士,進修學制,1004,中原大學,一般,私立,99,103,博士,35歲以上,1004,中原大學,一般,私立,100,103,博士,未滿35歲,,
1005,淡江大學,一般,私立,99,102,博士,未滿35歲,1004,中原大學,一般,私立,99,103,學士,進修學制,1004,中原大學,一般,私立,100,103,博士,35歲以上,,
1005,淡江大學,一般,私立,99,102,博士,35歲以上,1005,淡江大學,一般,私立,99,103,博士,未滿35歲,1004,中原大學,一般,私立,100,103,學士,進修學制,,
1006,中國文化大學,一般,私立,99,102,博士,未滿35歲,1005,淡江大學,一般,私立,99,103,博士,35歲以上,1005,淡江大學,一般,私立,100,103,博士,未滿35歲,,
1006,中國文化大學,一般,私立,99,102,博士,35歲以上,1006,中國文化大學,一般,私立,99,103,博士,未滿35歲,1005,淡江大學,一般,私立,100,103,博士,35歲以上,,
1007,逢甲大學,一般,私立,99,102,博士,未滿35歲,1006,中國文化大學,一般,私立,99,103,博士,35歲以上,1006,中國文化大學,一般,私立,100,103,博士,未滿35歲,,
1007,逢甲大學,一般,私立,99,102,博士,35歲以上,1007,逢甲大學,一般,私立,99,103,博士,未滿35歲,1006,中國文化大學,一般,私立,100,103,博士,35歲以上,,
1008,靜宜大學,一般,私立,99,102,博士,35歲以上,1007,逢甲大學,一般,私立,99,103,博士,35歲以上,1007,逢甲大學,一般,私立,100,103,博士,未滿35歲,,
1008,靜宜大學,一般,私立,99,102,學士,進修學制,1008,靜宜大學,一般,私立,99,103,博士,35歲以上,1007,逢甲大學,一般,私立,100,103,博士,35歲以上,,
1009,長庚大學,一般,私立,99,102,博士,未滿35歲,1008,靜宜大學,一般,私立,99,103,學士,進修學制,1008,靜宜大學,一般,私立,100,103,博士,未滿35歲,,
1009,長庚大學,一般,私立,99,102,博士,35歲以上,1009,長庚大學,一般,私立,99,103,博士,未滿35歲,1009,長庚大學,一般,私立,100,103,博士,未滿35歲,,
1010,元智大學,一般,私立,99,102,博士,未滿35歲,1009,長庚大學,一般,私立,99,103,博士,35歲以上,1009,長庚大學,一般,私立,100,103,博士,35歲以上,,
1010,元智大學,一般,私立,99,102,博士,35歲以上,1010,元智大學,一般,私立,99,103,博士,未滿35歲,1010,元智大學,一般,私立,100,103,博士,未滿35歲,,
1011,中華大學,一般,私立,99,102,博士,未滿35歲,1010,元智大學,一般,私立,99,103,博士,35歲以上,1010,元智大學,一般,私立,100,103,博士,35歲以上,,
1011,中華大學,一般,私立,99,102,博士,35歲以上,1011,中華大學,一般,私立,99,103,博士,未滿35歲,1011,中華大學,一般,私立,100,103,博士,未滿35歲,,
1012,大葉大學,一般,私立,99,102,博士,未滿35歲,1011,中華大學,一般,私立,99,103,博士,35歲以上,1011,中華大學,一般,私立,100,103,博士,35歲以上,,
1012,大葉大學,一般,私立,99,102,博士,35歲以上,1012,大葉大學,一般,私立,99,103,博士,未滿35歲,1012,大葉大學,一般,私立,100,103,博士,未滿35歲,,
1014,義守大學,一般,私立,99,102,博士,未滿35歲,1012,大葉大學,一般,私立,99,103,博士,35歲以上,1012,大葉大學,一般,私立,100,103,博士,35歲以上,,
1014,義守大學,一般,私立,99,102,博士,35歲以上,1012,大葉大學,一般,私立,99,103,學士,進修學制,1013,華梵大學,一般,私立,100,103,博士,35歲以上,,
1015,世新大學,一般,私立,99,102,博士,35歲以上,1014,義守大學,一般,私立,99,103,博士,未滿35歲,1014,義守大學,一般,私立,100,103,博士,未滿35歲,,
1017,實踐大學,一般,私立,99,102,碩士,在職專班,1014,義守大學,一般,私立,99,103,博士,35歲以上,1014,義守大學,一般,私立,100,103,博士,35歲以上,,
1019,高雄醫學大學,一般,私立,99,102,博士,未滿35歲,1015,世新大學,一般,私立,99,103,博士,35歲以上,1015,世新大學,一般,私立,100,103,博士,35歲以上,,
1019,高雄醫學大學,一般,私立,99,102,博士,35歲以上,1017,實踐大學,一般,私立,99,103,碩士,在職專班,1019,高雄醫學大學,一般,私立,100,103,博士,未滿35歲,,
1020,南華大學,一般,私立,99,102,博士,35歲以上,1019,高雄醫學大學,一般,私立,99,103,博士,未滿35歲,1019,高雄醫學大學,一般,私立,100,103,博士,35歲以上,,
1020,南華大學,一般,私立,99,102,學士,進修學制,1019,高雄醫學大學,一般,私立,99,103,博士,35歲以上,1020,南華大學,一般,私立,100,103,博士,35歲以上,,
1021,真理大學,一般,私立,99,102,碩士,在職專班,1020,南華大學,一般,私立,99,103,博士,35歲以上,1020,南華大學,一般,私立,100,103,學士,進修學制,,
1022,大同大學,一般,私立,99,102,博士,未滿35歲,1021,真理大學,一般,私立,99,103,碩士,在職專班,1021,真理大學,一般,私立,100,103,碩士,在職專班,,
1022,大同大學,一般,私立,99,102,博士,35歲以上,1022,大同大學,一般,私立,99,103,博士,未滿35歲,1022,大同大學,一般,私立,100,103,博士,未滿35歲,,
1023,南臺科技大學,技職,私立,99,102,博士,未滿35歲,1022,大同大學,一般,私立,99,103,博士,35歲以上,1022,大同大學,一般,私立,100,103,博士,35歲以上,,
1024,崑山科技大學,技職,私立,99,102,專科,日間學制,1023,南臺科技大學,技職,私立,99,103,博士,未滿35歲,1027,慈濟大學,一般,私立,100,103,博士,未滿35歲,,
1027,慈濟大學,一般,私立,99,102,博士,未滿35歲,1024,崑山科技大學,技職,私立,99,103,專科,日間學制,1027,慈濟大學,一般,私立,100,103,博士,35歲以上,,
1027,慈濟大學,一般,私立,99,102,博士,35歲以上,1027,慈濟大學,一般,私立,99,103,博士,未滿35歲,1027,慈濟大學,一般,私立,100,103,碩士,在職專班,,
1027,慈濟大學,一般,私立,99,102,碩士,在職專班,1027,慈濟大學,一般,私立,99,103,博士,35歲以上,1028,臺北醫學大學,一般,私立,100,103,博士,未滿35歲,,
1028,臺北醫學大學,一般,私立,99,102,博士,未滿35歲,1027,慈濟大學,一般,私立,99,103,碩士,在職專班,1028,臺北醫學大學,一般,私立,100,103,博士,35歲以上,,
1028,臺北醫學大學,一般,私立,99,102,博士,35歲以上,1028,臺北醫學大學,一般,私立,99,103,博士,未滿35歲,1029,中山醫學大學,一般,私立,100,103,博士,未滿35歲,,
1029,中山醫學大學,一般,私立,99,102,博士,未滿35歲,1028,臺北醫學大學,一般,私立,99,103,博士,35歲以上,1029,中山醫學大學,一般,私立,100,103,博士,35歲以上,,
1029,中山醫學大學,一般,私立,99,102,博士,35歲以上,1029,中山醫學大學,一般,私立,99,103,博士,未滿35歲,1029,中山醫學大學,一般,私立,100,103,碩士,在職專班,,
1029,中山醫學大學,一般,私立,99,102,碩士,在職專班,1029,中山醫學大學,一般,私立,99,103,博士,35歲以上,1029,中山醫學大學,一般,私立,100,103,學士,進修學制,,
1030,龍華科技大學,技職,私立,99,102,碩士,在職專班,1029,中山醫學大學,一般,私立,99,103,碩士,在職專班,1030,龍華科技大學,技職,私立,100,103,碩士,在職專班,,
1031,輔英科技大學,技職,私立,99,102,碩士,日間學制,1030,龍華科技大學,技職,私立,99,103,碩士,在職專班,1030,龍華科技大學,技職,私立,100,103,專科,日間學制,,
1032,明新科技大學,技職,私立,99,102,專科,進修學制,1031,輔英科技大學,技職,私立,99,103,碩士,日間學制,1031,輔英科技大學,技職,私立,100,103,碩士,日間學制,,
1033,長榮大學,一般,私立,99,102,博士,35歲以上,1032,明新科技大學,技職,私立,99,103,專科,進修學制,1032,明新科技大學,技職,私立,100,103,專科,進修學制,,
1034,弘光科技大學,技職,私立,99,102,碩士,在職專班,1033,長榮大學,一般,私立,99,103,博士,35歲以上,1033,長榮大學,一般,私立,100,103,博士,35歲以上,,
1035,中國醫藥大學,一般,私立,99,102,博士,未滿35歲,1034,弘光科技大學,技職,私立,99,103,碩士,在職專班,1034,弘光科技大學,技職,私立,100,103,碩士,在職專班,,
1035,中國醫藥大學,一般,私立,99,102,博士,35歲以上,1035,中國醫藥大學,一般,私立,99,103,博士,未滿35歲,1035,中國醫藥大學,一般,私立,100,103,博士,未滿35歲,,
1035,中國醫藥大學,一般,私立,99,102,碩士,在職專班,1035,中國醫藥大學,一般,私立,99,103,博士,35歲以上,1035,中國醫藥大學,一般,私立,100,103,博士,35歲以上,,
1036,健行科技大學,技職,私立,99,102,碩士,在職專班,1035,中國醫藥大學,一般,私立,99,103,碩士,在職專班,1035,中國醫藥大學,一般,私立,100,103,碩士,在職專班,,
1036,健行科技大學,技職,私立,99,102,專科,日間學制,1036,健行科技大學,技職,私立,99,103,碩士,在職專班,1036,健行科技大學,技職,私立,100,103,專科,日間學制,,
1037,正修科技大學,技職,私立,99,102,碩士,在職專班,1036,健行科技大學,技職,私立,99,103,專科,日間學制,1037,正修科技大學,技職,私立,100,103,碩士,在職專班,,
1040,建國科技大學,技職,私立,99,102,專科,日間學制,1037,正修科技大學,技職,私立,99,103,碩士,在職專班,1037,正修科技大學,技職,私立,100,103,專科,進修學制,,
1041,明志科技大學,技職,私立,99,102,碩士,在職專班,1040,建國科技大學,技職,私立,99,103,專科,日間學制,1038,萬能科技大學,技職,私立,100,103,碩士,日間學制,,
1041,明志科技大學,技職,私立,99,102,專科,日間學制,1041,明志科技大學,技職,私立,99,103,碩士,在職專班,1040,建國科技大學,技職,私立,100,103,專科,日間學制,,
1041,明志科技大學,技職,私立,99,102,專科,進修學制,1041,明志科技大學,技職,私立,99,103,專科,日間學制,1041,明志科技大學,技職,私立,100,103,碩士,在職專班,,
1043,大仁科技大學,技職,私立,99,102,碩士,日間學制,1041,明志科技大學,技職,私立,99,103,專科,進修學制,1041,明志科技大學,技職,私立,100,103,專科,進修學制,,
1043,大仁科技大學,技職,私立,99,102,碩士,在職專班,1043,大仁科技大學,技職,私立,99,103,碩士,日間學制,1043,大仁科技大學,技職,私立,100,103,碩士,在職專班,,
1043,大仁科技大學,技職,私立,99,102,專科,進修學制,1043,大仁科技大學,技職,私立,99,103,碩士,在職專班,1046,中國科技大學,技職,私立,100,103,專科,日間學制,,
1046,中國科技大學,技職,私立,99,102,碩士,日間學制,1043,大仁科技大學,技職,私立,99,103,專科,進修學制,1046,中國科技大學,技職,私立,100,103,專科,進修學制,,
1046,中國科技大學,技職,私立,99,102,專科,日間學制,1046,中國科技大學,技職,私立,99,103,碩士,日間學制,1047,中臺科技大學,技職,私立,100,103,專科,日間學制,,
1046,中國科技大學,技職,私立,99,102,專科,進修學制,1046,中國科技大學,技職,私立,99,103,專科,進修學制,1051,台南應用科技大學,技職,私立,100,103,專科,進修學制,,
1047,中臺科技大學,技職,私立,99,102,專科,日間學制,1047,中臺科技大學,技職,私立,99,103,專科,日間學制,1052,遠東科技大學,技職,私立,100,103,專科,日間學制,,
1051,台南應用科技大學,技職,私立,99,102,碩士,日間學制,1051,台南應用科技大學,技職,私立,99,103,碩士,日間學制,1053,元培醫事科技大學,技職,私立,100,103,碩士,在職專班,,
1051,台南應用科技大學,技職,私立,99,102,碩士,在職專班,1051,台南應用科技大學,技職,私立,99,103,碩士,在職專班,1054,景文科技大學,技職,私立,100,103,碩士,日間學制,,
1052,遠東科技大學,技職,私立,99,102,專科,日間學制,1052,遠東科技大學,技職,私立,99,103,專科,日間學制,1054,景文科技大學,技職,私立,100,103,碩士,在職專班,,
1053,元培醫事科技大學,技職,私立,99,102,碩士,在職專班,1053,元培醫事科技大學,技職,私立,99,103,碩士,在職專班,1055,中華醫事科技大學,技職,私立,100,103,碩士,日間學制,,
1054,景文科技大學,技職,私立,99,102,碩士,日間學制,1054,景文科技大學,技職,私立,99,103,碩士,日間學制,1056,東南科技大學,技職,私立,100,103,碩士,日間學制,,
1055,中華醫事科技大學,技職,私立,99,102,碩士,日間學制,1055,中華醫事科技大學,技職,私立,99,103,碩士,日間學制,1056,東南科技大學,技職,私立,100,103,碩士,在職專班,,
1056,東南科技大學,技職,私立,99,102,碩士,在職專班,1056,東南科技大學,技職,私立,99,103,碩士,在職專班,1056,東南科技大學,技職,私立,100,103,專科,日間學制,,
1056,東南科技大學,技職,私立,99,102,專科,日間學制,1056,東南科技大學,技職,私立,99,103,專科,日間學制,1057,德明財經科技大學,技職,私立,100,103,碩士,日間學制,,
1056,東南科技大學,技職,私立,99,102,專科,進修學制,1056,東南科技大學,技職,私立,99,103,專科,進修學制,1057,德明財經科技大學,技職,私立,100,103,專科,進修學制,,
1057,德明財經科技大學,技職,私立,99,102,碩士,日間學制,1057,德明財經科技大學,技職,私立,99,103,專科,日間學制,1058,明道大學,一般,私立,100,103,碩士,在職專班,,
1057,德明財經科技大學,技職,私立,99,102,專科,日間學制,1058,明道大學,一般,私立,99,103,碩士,在職專班,1060,南開科技大學,技職,私立,100,103,碩士,日間學制,,
1058,明道大學,一般,私立,99,102,碩士,在職專班,1060,南開科技大學,技職,私立,99,103,碩士,在職專班,1060,南開科技大學,技職,私立,100,103,專科,日間學制,,
1059,康寧大學,一般,私立,99,102,碩士,日間學制,1060,南開科技大學,技職,私立,99,103,專科,進修學制,1060,南開科技大學,技職,私立,100,103,專科,進修學制,,
1060,南開科技大學,技職,私立,99,102,碩士,在職專班,1061,中華科技大學,技職,私立,99,103,專科,進修學制,1061,中華科技大學,技職,私立,100,103,專科,進修學制,,
1060,南開科技大學,技職,私立,99,102,專科,進修學制,1062,僑光科技大學,技職,私立,99,103,碩士,日間學制,1062,僑光科技大學,技職,私立,100,103,碩士,日間學制,,
1061,中華科技大學,技職,私立,99,102,碩士,在職專班,1062,僑光科技大學,技職,私立,99,103,碩士,在職專班,1062,僑光科技大學,技職,私立,100,103,碩士,在職專班,,
1061,中華科技大學,技職,私立,99,102,專科,進修學制,1062,僑光科技大學,技職,私立,99,103,專科,進修學制,1063,育達科技大學,技職,私立,100,103,碩士,在職專班,,
1062,僑光科技大學,技職,私立,99,102,碩士,日間學制,1063,育達科技大學,技職,私立,99,103,碩士,日間學制,1064,美和科技大學,技職,私立,100,103,碩士,日間學制,,
1062,僑光科技大學,技職,私立,99,102,碩士,在職專班,1063,育達科技大學,技職,私立,99,103,碩士,在職專班,1064,美和科技大學,技職,私立,100,103,碩士,在職專班,,
1062,僑光科技大學,技職,私立,99,102,專科,進修學制,1064,美和科技大學,技職,私立,99,103,碩士,日間學制,1065,吳鳳科技大學,技職,私立,100,103,碩士,日間學制,,
1063,育達科技大學,技職,私立,99,102,碩士,日間學制,1064,美和科技大學,技職,私立,99,103,碩士,在職專班,1065,吳鳳科技大學,技職,私立,100,103,碩士,在職專班,,
1063,育達科技大學,技職,私立,99,102,碩士,在職專班,1064,美和科技大學,技職,私立,99,103,專科,進修學制,1065,吳鳳科技大學,技職,私立,100,103,專科,日間學制,,
1064,美和科技大學,技職,私立,99,102,碩士,日間學制,1065,吳鳳科技大學,技職,私立,99,103,碩士,日間學制,1066,環球科技大學,技職,私立,100,103,碩士,日間學制,,
1064,美和科技大學,技職,私立,99,102,碩士,在職專班,1065,吳鳳科技大學,技職,私立,99,103,碩士,在職專班,1066,環球科技大學,技職,私立,100,103,專科,日間學制,,
1064,美和科技大學,技職,私立,99,102,專科,進修學制,1068,中州科技大學,技職,私立,99,103,碩士,日間學制,1067,台灣首府大學,一般,私立,100,103,碩士,日間學制,,
1065,吳鳳科技大學,技職,私立,99,102,碩士,日間學制,1068,中州科技大學,技職,私立,99,103,專科,進修學制,1068,中州科技大學,技職,私立,100,103,碩士,日間學制,,
1065,吳鳳科技大學,技職,私立,99,102,碩士,在職專班,1069,修平科技大學,技職,私立,99,103,碩士,日間學制,1068,中州科技大學,技職,私立,100,103,碩士,在職專班,,
1065,吳鳳科技大學,技職,私立,99,102,專科,日間學制,1070,長庚科技大學,技職,私立,99,103,碩士,在職專班,1069,修平科技大學,技職,私立,100,103,碩士,日間學制,,
1067,台灣首府大學,一般,私立,99,102,碩士,日間學制,1071,臺北城市科技大學,技職,私立,99,103,碩士,日間學制,1072,大華科技大學,技職,私立,100,103,碩士,日間學制,,
1068,中州科技大學,技職,私立,99,102,碩士,日間學制,1072,大華科技大學,技職,私立,99,103,碩士,日間學制,1072,大華科技大學,技職,私立,100,103,專科,進修學制,,
1068,中州科技大學,技職,私立,99,102,專科,進修學制,1072,大華科技大學,技職,私立,99,103,專科,進修學制,1073,醒吾科技大學,技職,私立,100,103,碩士,日間學制,,
1069,修平科技大學,技職,私立,99,102,碩士,日間學制,1073,醒吾科技大學,技職,私立,99,103,碩士,日間學制,1073,醒吾科技大學,技職,私立,100,103,碩士,在職專班,,
1070,長庚科技大學,技職,私立,99,102,碩士,在職專班,1074,南榮科技大學,技職,私立,99,103,碩士,日間學制,1073,醒吾科技大學,技職,私立,100,103,專科,進修學制,,
1071,臺北城市科技大學,技職,私立,99,102,碩士,日間學制,1074,南榮科技大學,技職,私立,99,103,碩士,在職專班,1074,南榮科技大學,技職,私立,100,103,碩士,日間學制,,
1072,大華科技大學,技職,私立,99,102,碩士,日間學制,1075,文藻外語大學,技職,私立,99,103,碩士,在職專班,1074,南榮科技大學,技職,私立,100,103,碩士,在職專班,,
1072,大華科技大學,技職,私立,99,102,專科,進修學制,1150,慈濟技術學院,技職,私立,99,103,碩士,日間學制,1074,南榮科技大學,技職,私立,100,103,專科,日間學制,,
1073,醒吾科技大學,技職,私立,99,102,碩士,日間學制,1159,和春技術學院,技職,私立,99,103,碩士,日間學制,1075,文藻外語大學,技職,私立,100,103,碩士,日間學制,,
1073,醒吾科技大學,技職,私立,99,102,專科,進修學制,1159,和春技術學院,技職,私立,99,103,專科,日間學制,1075,文藻外語大學,技職,私立,100,103,碩士,在職專班,,
1074,南榮科技大學,技職,私立,99,102,碩士,日間學制,1164,致理技術學院,技職,私立,99,103,碩士,日間學制,1148,大漢技術學院,技職,私立,100,103,專科,進修學制,,
1074,南榮科技大學,技職,私立,99,102,碩士,在職專班,1166,亞東技術學院,技職,私立,99,103,專科,日間學制,1159,和春技術學院,技職,私立,100,103,碩士,日間學制,,
1074,南榮科技大學,技職,私立,99,102,專科,日間學制,1168,桃園創新技術學院,技職,私立,99,103,碩士,日間學制,1159,和春技術學院,技職,私立,100,103,學士,進修學制,,
1075,文藻外語大學,技職,私立,99,102,碩士,在職專班,1176,稻江科技暨管理學院,一般,私立,99,103,碩士,日間學制,1164,致理技術學院,技職,私立,100,103,碩士,日間學制,,
1150,慈濟技術學院,技職,私立,99,102,碩士,日間學制,1184,東方設計學院,技職,私立,99,103,碩士,日間學制,1164,致理技術學院,技職,私立,100,103,碩士,在職專班,,
1159,和春技術學院,技職,私立,99,102,碩士,日間學制,1184,東方設計學院,技職,私立,99,103,專科,進修學制,1164,致理技術學院,技職,私立,100,103,專科,進修學制,,
1159,和春技術學院,技職,私立,99,102,專科,日間學制,1185,經國管理暨健康學院,技職,私立,99,103,碩士,日間學制,1168,桃園創新技術學院,技職,私立,100,103,碩士,日間學制,,
1164,致理技術學院,技職,私立,99,102,碩士,日間學制,1185,經國管理暨健康學院,技職,私立,99,103,碩士,在職專班,1176,稻江科技暨管理學院,一般,私立,100,103,碩士,日間學制,,
1164,致理技術學院,技職,私立,99,102,碩士,在職專班,1185,經國管理暨健康學院,技職,私立,99,103,專科,進修學制,1179,德霖技術學院,技職,私立,100,103,專科,進修學制,,
1166,亞東技術學院,技職,私立,99,102,專科,日間學制,1187,崇右技術學院,技職,私立,99,103,學士,進修學制,1182,蘭陽技術學院,技職,私立,100,103,專科,進修學制,,
1168,桃園創新技術學院,技職,私立,99,102,碩士,日間學制,1187,崇右技術學院,技職,私立,99,103,專科,進修學制,1183,黎明技術學院,技職,私立,100,103,專科,日間學制,,
1176,稻江科技暨管理學院,一般,私立,99,102,碩士,日間學制,1188,大同技術學院,技職,私立,99,103,專科,日間學制,1183,黎明技術學院,技職,私立,100,103,專科,進修學制,,
1184,東方設計學院,技職,私立,99,102,碩士,日間學制,1188,大同技術學院,技職,私立,99,103,專科,進修學制,1184,東方設計學院,技職,私立,100,103,碩士,日間學制,,
1185,經國管理暨健康學院,技職,私立,99,102,碩士,日間學制,1189,亞太創意技術學院,技職,私立,99,103,專科,日間學制,1185,經國管理暨健康學院,技職,私立,100,103,碩士,日間學制,,
1185,經國管理暨健康學院,技職,私立,99,102,碩士,在職專班,1191,華夏技術學院,技職,私立,99,103,碩士,在職專班,1185,經國管理暨健康學院,技職,私立,100,103,碩士,在職專班,,
1185,經國管理暨健康學院,技職,私立,99,102,專科,進修學制,1192,臺灣觀光學院,技職,私立,99,103,學士,進修學制,1187,崇右技術學院,技職,私立,100,103,學士,進修學制,,
1187,崇右技術學院,技職,私立,99,102,學士,進修學制,1194,台北海洋技術學院,技職,私立,99,103,專科,日間學制,1188,大同技術學院,技職,私立,100,103,專科,日間學制,,
1187,崇右技術學院,技職,私立,99,102,專科,進修學制,1287,敏惠醫護管理專科學校,技職,私立,99,103,專科,進修學制,1188,大同技術學院,技職,私立,100,103,專科,進修學制,,
1188,大同技術學院,技職,私立,99,102,專科,日間學制,1288,高美醫護管理專科學校,技職,私立,99,103,專科,日間學制,1189,亞太創意技術學院,技職,私立,100,103,專科,日間學制,,
1188,大同技術學院,技職,私立,99,102,專科,進修學制,1288,高美醫護管理專科學校,技職,私立,99,103,專科,進修學制,1191,華夏技術學院,技職,私立,100,103,碩士,在職專班,,
1189,亞太創意技術學院,技職,私立,99,102,專科,日間學制,1290,崇仁醫護管理專科學校,技職,私立,99,103,專科,進修學制,1191,華夏技術學院,技職,私立,100,103,專科,日間學制,,
1191,華夏技術學院,技職,私立,99,102,碩士,在職專班,3002,臺北市立大學,一般,公立,99,103,博士,35歲以上,1192,臺灣觀光學院,技職,私立,100,103,學士,進修學制,,
1192,臺灣觀光學院,技職,私立,99,102,學士,進修學制,,,,,,,,,1192,臺灣觀光學院,技職,私立,100,103,專科,日間學制,,
1194,台北海洋技術學院,技職,私立,99,102,專科,日間學制,,,,,,,,,1288,高美醫護管理專科學校,技職,私立,100,103,專科,進修學制,,
1194,台北海洋技術學院,技職,私立,99,102,專科,進修學制,,,,,,,,,1290,崇仁醫護管理專科學校,技職,私立,100,103,專科,進修學制,,
1287,敏惠醫護管理專科學校,技職,私立,99,102,專科,進修學制,,,,,,,,,1291,聖母醫護管理專科學校,技職,私立,100,103,專科,進修學制,,
1288,高美醫護管理專科學校,技職,私立,99,102,專科,日間學制,,,,,,,,,3002,臺北市立大學,一般,公立,100,103,博士,35歲以上,,
1288,高美醫護管理專科學校,技職,私立,99,102,專科,進修學制,,,,,,,,,,,,,,,,,,
1290,崇仁醫護管理專科學校,技職,私立,99,102,專科,進修學制,,,,,,,,,,,,,,,,,,
3002,臺北市立大學,一般,公立,99,102,博士,35歲以上,,,,,,,,,,,,,,,,,,
